sq_candidato,candidate,party,total_votes,locations,min_abs_votes,max_abs_votes,min_prop_votes,max_prop_votes
-1,NULO,BRANCO/NULO,839679,1432,37,2872,0.0,0.0
-3,Legenda: 11 - PP,11 - PP,179053,1432,2,575,0.96,5.59
190001905841,INGRED SILVEIRA - 22202 (PL),22 - PL,4479,1174,1,21,0.01,0.53
190001905842,NILTON CALDEIRA - 22022 (PL),22 - PL,5273,1215,1,44,0.01,1.13
190001905843,PAULO MESSINA - 22123 (PL),22 - PL,15977,1413,1,136,0.02,2.0
190001905844,SUPERZEFA - 22024 (PL),22 - PL,53,46,1,5,0.01,0.1
190001905845,RODRIGO NAVAL - 22762 (PL),22 - PL,1193,595,1,69,0.01,0.76
190001905846,DR. ROGERIO AMORIM - 22777 (PL),22 - PL,16081,1369,1,627,0.01,9.86
190001905847,RONALDO FARIA - 22011 (PL),22 - PL,3558,891,1,103,0.01,2.41
190001905848,HILARY ROUSE - 22082 (PL),22 - PL,284,172,1,10,0.01,0.28
190001905849,DOUTORA THAÍS - 22134 (PL),22 - PL,383,270,1,6,0.01,0.38
190001905850,WAGUINHO CANTOR - 22707 (PL),22 - PL,9523,1235,1,185,0.01,1.96
190001905851,MARISTELA MENDES - 22121 (PL),22 - PL,416,146,1,117,0.01,1.79
190001905852,PROFESSOR PASCHOAL - 22229 (PL),22 - PL,3731,1130,1,33,0.01,0.86
190001905853,DR SANDRO FAMÍLIA MONTEIRO - 22822 (PL),22 - PL,3301,946,1,391,0.01,4.27
190001905854,VANESSA DA SILVA OLIVEIRA - 22333 (PL),22 - PL,10416,1363,1,49,0.01,0.95
190001905855,ALEXANDRE KNOPLOCH - 22722 (PL),22 - PL,8423,1193,1,147,0.01,2.09
190001905856,AMANDA MENDES SURDA - 22227 (PL),22 - PL,374,243,1,14,0.01,0.23
190001905857,DR JOÃO BRANCO - 22040 (PL),22 - PL,3870,1063,1,51,0.01,0.69
190001905858,VANDINHO TÁ ON - 22122 (PL),22 - PL,6259,714,1,808,0.01,9.62
190001905859,ALANA PASSOS - 22000 (PL),22 - PL,11046,1367,1,60,0.01,1.53
190001905860,DIEGO FARO - 22010 (PL),22 - PL,12675,1358,1,165,0.01,1.77
190001905861,PAULO DE ALMEIDA - 22522 (PL),22 - PL,404,279,1,6,0.01,0.28
190001905862,ALEXANDRE FREITAS - 22007 (PL),22 - PL,1651,664,1,21,0.01,0.43
190001905863,LEOPOLDO CANAL - 22001 (PL),22 - PL,4343,1039,1,90,0.01,0.8
190001905864,MARCELINO D  ALMEIDA - 22369 (PL),22 - PL,8724,695,1,252,0.01,5.64
190001905865,DAVI PQD - 22444 (PL),22 - PL,3474,678,1,458,0.01,4.89
190001905866,ABENÇOADO NILSON - 22223 (PL),22 - PL,1829,787,1,46,0.01,1.04
190001905867,CORONEL MÁRCIO - 22999 (PL),22 - PL,3137,894,1,107,0.01,1.55
190001905868,RAFAEL SATIÊ - 22377 (PL),22 - PL,13582,1380,1,170,0.02,2.08
190001905869,CARLOS BOLSONARO - 22222 (PL),22 - PL,130480,1432,1,496,0.2,7.94
190001905870,POUBEL - 22622 (PL),22 - PL,21379,1403,1,89,0.03,1.22
190001905871,LUAN LENNON - 22002 (PL),22 - PL,4208,1190,1,40,0.01,0.63
190001905872,COMANDANTE RIBEIRO AFONSO - 22789 (PL),22 - PL,1790,666,1,18,0.01,0.5
190001905873,MARCOS BRAZ - 22111 (PL),22 - PL,8151,1321,1,155,0.01,3.38
190001905874,CHIQUINHO TRINDADE - 22150 (PL),22 - PL,605,305,1,18,0.01,0.34
190001905875,JEREMIAS DI CAETÉS - 22021 (PL),22 - PL,4237,1099,1,48,0.01,0.74
190001905876,KEILA ACABA NÃO MUNDÃO - 22120 (PL),22 - PL,2470,849,1,73,0.01,1.37
190001905877,SANDRA DUARTE - 22373 (PL),22 - PL,365,206,1,12,0.01,0.44
190001905878,ANDREA  DO CASTRINHO - 22100 (PL),22 - PL,1350,604,1,20,0.01,0.38
190001905879,LUCIA GAGLIASSO - 22200 (PL),22 - PL,3696,1089,1,58,0.01,0.71
190001905880,MARCELLO CAPPARELLI - 22800 (PL),22 - PL,1749,651,1,21,0.01,0.52
190001905881,INÊZ BELARMINO - 22003 (PL),22 - PL,683,271,1,54,0.01,2.48
190001905882,PEDRO VIANA - 22422 (PL),22 - PL,110,96,1,4,0.01,0.08
190001905883,PROFESSOR ROGERIO PIRES - 22580 (PL),22 - PL,1904,677,1,111,0.01,1.84
190001905884,RENATA MANFRENATE - 22888 (PL),22 - PL,932,458,1,14,0.01,0.44
190001905885,ROBERTO CID - 22456 (PL),22 - PL,907,359,1,41,0.01,0.85
190001905886,TIO DO CAFEZINHO - 22212 (PL),22 - PL,148,117,1,6,0.01,0.12
190001905887,CAROLINE AMORIM - 22224 (PL),22 - PL,565,268,1,20,0.01,0.48
190001905888,CHAGAS BOLA - 22190 (PL),22 - PL,11009,1272,1,206,0.01,4.37
190001905889,FERNANDO ARMELAU - 22322 (PL),22 - PL,14415,1386,1,68,0.02,1.26
190001905890,LÍLIA NUNES - 22070 (PL),22 - PL,8008,1308,1,57,0.01,1.17
190001909295,PROFESSOR MIMO - 20169 (PODE),20 - PODE,2625,328,1,636,0.01,10.9
190001909296,FELIPE SANTANA - 20220 (PODE),20 - PODE,697,206,1,71,0.01,1.8
190001909297,MELL TAMIOZZO - 20016 (PODE),20 - PODE,141,84,1,19,0.01,0.18
190001909298,RICARDO CHAPOLIM - 20567 (PODE),20 - PODE,637,308,1,29,0.01,1.07
190001909299,MARCELLE LUCAS - 20222 (PODE),20 - PODE,344,183,1,11,0.01,0.32
190001909300,ADRIANA PARRINI - 20040 (PODE),20 - PODE,371,168,1,44,0.01,0.82
190001909301,TUNINHO DA BICICLETA - 20121 (PODE),20 - PODE,527,70,1,92,0.01,1.44
190001909302,KELLY FERREIRA - 20020 (PODE),20 - PODE,1202,456,1,29,0.01,0.55
190001909303,PAULO FERREIRA - 20623 (PODE),20 - PODE,2877,185,1,405,0.01,9.78
190001909304,RICARDO OLIVEIRA - 20786 (PODE),20 - PODE,263,153,1,14,0.01,0.38
190001909305,GIGANTE DA SAÚDE - 20200 (PODE),20 - PODE,657,189,1,65,0.01,1.04
190001909306,SERGINHO LEGADO - 20244 (PODE),20 - PODE,3906,400,1,301,0.01,7.85
190001909307,JORGE CARDOSO DA FREGUESIA - 20060 (PODE),20 - PODE,218,72,1,21,0.01,0.38
190001909308,NENENGA DO MOTO TAXI - 20931 (PODE),20 - PODE,1995,235,1,173,0.01,4.78
190001909309,ALEX BRIZOLA - 20704 (PODE),20 - PODE,640,123,1,143,0.01,2.57
190001909310,ALVARO TITO - 20333 (PODE),20 - PODE,879,490,1,9,0.01,0.29
190001909311,TATIANA AGDA - 20888 (PODE),20 - PODE,144,115,1,5,0.01,0.14
190001909312,PROFESSOR VIEIRA - 20011 (PODE),20 - PODE,482,294,1,16,0.01,0.21
190001909313,LEIZA GARI - 20321 (PODE),20 - PODE,218,170,1,8,0.01,0.13
190001909314,LETÍCIA ARSENIO - 20123 (PODE),20 - PODE,3661,1080,1,31,0.01,0.77
190001909315,MARCIO GARCIA - 20100 (PODE),20 - PODE,2348,963,1,15,0.01,0.88
190001909316,MARCOS DIAS - 20000 (PODE),20 - PODE,16209,1210,1,365,0.01,6.96
190001909317,JC AUGUSTO CHAPOLIN - 20093 (PODE),20 - PODE,57,27,1,12,0.01,0.3
190001909318,JORGE TIMBA - 20335 (PODE),20 - PODE,275,64,1,91,0.01,1.38
190001909319,JOSIMAR FERREIRA - 20204 (PODE),20 - PODE,626,118,1,139,0.01,2.76
190001909320,MARCÃO BORGES O CARIOCA - 20777 (PODE),20 - PODE,421,245,1,12,0.01,0.17
190001909321,SOLANGE SOUZA - 20017 (PODE),20 - PODE,176,61,1,33,0.01,0.61
190001909322,CARLA COUT - 20212 (PODE),20 - PODE,144,83,1,15,0.01,0.25
190001909323,LUISINHO AMIGO DE TODOS - 20440 (PODE),20 - PODE,2801,485,1,283,0.01,3.26
190001909324,JOÃO DINIZ - 20021 (PODE),20 - PODE,3433,810,1,78,0.01,1.44
190001909325,JONATHAN DO SETE SETE - 20077 (PODE),20 - PODE,1526,219,1,320,0.01,6.48
190001909326,MESSIAS PQD - 20338 (PODE),20 - PODE,220,108,1,23,0.01,0.91
190001909327,OTACILIO FILHO - 20230 (PODE),20 - PODE,140,82,1,7,0.01,0.24
190001909329,TIA TÂNIA DA CRECHE - 20124 (PODE),20 - PODE,372,67,1,94,0.01,1.96
190001909330,CHRIS DA QUATRO PATINHAS - 20004 (PODE),20 - PODE,3696,1006,1,33,0.01,0.96
190001909331,MONIQUE ROCHA - 20010 (PODE),20 - PODE,753,213,1,260,0.01,3.81
190001909332,RAQUEL WICK - 20221 (PODE),20 - PODE,141,87,1,20,0.01,0.27
190001909333,CLAUDIN MORENO - 20555 (PODE),20 - PODE,189,144,1,11,0.01,0.37
190001909334,DIGUINHO - 20449 (PODE),20 - PODE,638,171,1,92,0.01,1.49
190001909335,KIKO - 20027 (PODE),20 - PODE,519,214,1,37,0.01,0.84
190001909336,MARIO ZEFERINO - 20111 (PODE),20 - PODE,808,247,1,76,0.01,1.21
190001909337,EDEVALDO OLIVEIRA - 20088 (PODE),20 - PODE,1265,424,1,96,0.01,3.52
190001909338,INGRID BARBOSA - 20209 (PODE),20 - PODE,589,249,1,23,0.01,0.82
190001909339,JAQUELINE TOVAH - 20444 (PODE),20 - PODE,93,71,1,5,0.01,0.15
190001909340,PROF ALEX RUBIM - 20271 (PODE),20 - PODE,424,196,1,39,0.01,0.61
190001909341,CLEITON DEU CERTO - 20773 (PODE),20 - PODE,3202,375,1,622,0.01,8.11
190001909342,FLORICENA LIMA - 20201 (PODE),20 - PODE,251,112,1,18,0.01,0.66
190001909343,PROF. MARCELO MARTINS - 20113 (PODE),20 - PODE,12223,1036,1,1553,0.01,13.01
190001909344,PROF JONATAS CASTELO BRANCO - 20500 (PODE),20 - PODE,3096,795,1,100,0.01,1.77
190001909345,DELEGADO DAVI RODRIGUES - 20035 (PODE),20 - PODE,1433,500,1,35,0.01,0.58
190001909346,FABIO SILVA - 20669 (PODE),20 - PODE,15846,1000,1,1531,0.01,26.63
190001950913,MAJOR PIRES VAZ - 33193 (MOBILIZA),33 - MOBILIZA,2362,865,1,38,0.01,0.8
190001950915,CANTOR CLAUDINHO MACIEL - 33810 (MOBILIZA),33 - MOBILIZA,283,131,1,25,0.01,0.4
190001950916,CLAYTON MOTTA - 33033 (MOBILIZA),33 - MOBILIZA,766,297,1,45,0.01,1.14
190001950917,PIJAMA DA ZONA OESTE - 33001 (MOBILIZA),33 - MOBILIZA,726,151,1,224,0.01,5.25
190001950918,CARLÃO DO BEM - 33015 (MOBILIZA),33 - MOBILIZA,110,57,1,10,0.01,0.2
190001950919,GILBERTO BARRETO O CODA - 33555 (MOBILIZA),33 - MOBILIZA,158,115,1,6,0.01,0.21
190001950920,LENILTON RODRIGUES - 33789 (MOBILIZA),33 - MOBILIZA,4953,1014,1,136,0.01,3.2
190001950921,BOMBEIRA MARA DA SAÚDE - 33000 (MOBILIZA),33 - MOBILIZA,345,211,1,19,0.01,0.28
190001950922,NIVEA SALGADO - 33003 (MOBILIZA),33 - MOBILIZA,1750,594,1,55,0.01,0.84
190001950923,FERNANDA MESQUITA - 33079 (MOBILIZA),33 - MOBILIZA,115,70,1,7,0.01,0.29
190001950924,BARRETO - 33317 (MOBILIZA),33 - MOBILIZA,93,70,1,12,0.01,0.31
190001950925,CHRIS DO POINT - 33068 (MOBILIZA),33 - MOBILIZA,31,25,1,3,0.01,0.1
190001950926,DUDA MECÂNICO - 33298 (MOBILIZA),33 - MOBILIZA,2145,333,1,495,0.01,10.58
190001950927,JARRO PIPAS - 33333 (MOBILIZA),33 - MOBILIZA,4430,1043,1,87,0.01,0.9
190001950928,PROF DANIEL VICTOR - 33007 (MOBILIZA),33 - MOBILIZA,121,81,1,8,0.01,0.22
190001950929,CB DE GUARATIBA - 33838 (MOBILIZA),33 - MOBILIZA,490,115,1,120,0.01,1.13
190001950930,LUIZ ANTONIO MATHIAS - 33207 (MOBILIZA),33 - MOBILIZA,129,81,1,13,0.01,0.23
190001950931,MARCO BALÃO - 33623 (MOBILIZA),33 - MOBILIZA,257,86,1,25,0.01,0.55
190001950932,DRA MARIA AMÉLIA - 33300 (MOBILIZA),33 - MOBILIZA,140,108,1,7,0.01,0.16
190001950933,PENHA DO VIEGAS - 33918 (MOBILIZA),33 - MOBILIZA,210,47,1,83,0.01,1.12
190001950934,ROBSON ANDRE - 33222 (MOBILIZA),33 - MOBILIZA,1467,638,1,32,0.01,1.18
190001950935,JOSELIA SILVA - 33800 (MOBILIZA),33 - MOBILIZA,56,41,1,7,0.01,0.1
190001950936,TIA LENA - 33006 (MOBILIZA),33 - MOBILIZA,376,110,1,55,0.01,1.96
190001950937,HENRIQUE SILVA DO ESPORTE - 33199 (MOBILIZA),33 - MOBILIZA,234,81,1,32,0.01,1.03
190001950938,JORGE SANTOS - 33633 (MOBILIZA),33 - MOBILIZA,212,135,1,9,0.01,0.16
190001950939,DR LEONARDO ARAGÃO - 33888 (MOBILIZA),33 - MOBILIZA,221,163,1,7,0.01,0.24
190001950940,CRISTIANO MORAIS - 33527 (MOBILIZA),33 - MOBILIZA,248,136,1,36,0.01,0.36
190001950941,HENRIQUE CABELUDO - 33232 (MOBILIZA),33 - MOBILIZA,243,140,1,25,0.01,0.37
190001950942,JORGE LEIBE - 33119 (MOBILIZA),33 - MOBILIZA,114,87,1,5,0.01,0.14
190001950943,PAULO FERNANDO - 33638 (MOBILIZA),33 - MOBILIZA,180,69,1,27,0.01,0.42
190001950944,FERRERINHA DO HOSPITAL - 33050 (MOBILIZA),33 - MOBILIZA,798,328,1,65,0.01,1.38
190001950945,LOURDINHA FRANÇA - 33733 (MOBILIZA),33 - MOBILIZA,146,95,1,11,0.01,0.12
190001950946,DIOGO NASCIMENTO - 33746 (MOBILIZA),33 - MOBILIZA,215,71,1,129,0.01,3.62
190001950947,JOSÉ EVERALDO - 33301 (MOBILIZA),33 - MOBILIZA,495,144,1,33,0.01,0.45
190001950948,LUCINHA DA FEIRA - 33627 (MOBILIZA),33 - MOBILIZA,249,133,1,15,0.01,0.33
190001950949,BENNY GUERREIRA - 33262 (MOBILIZA),33 - MOBILIZA,133,86,1,14,0.01,0.4
190001950950,MARCIO AMARAL - 33111 (MOBILIZA),33 - MOBILIZA,1329,373,1,61,0.01,0.98
190001950951,SONEKA RIBEIRO - 33816 (MOBILIZA),33 - MOBILIZA,1278,197,1,291,0.01,5.11
190001950952,JUAREZ WAILANTE - 33273 (MOBILIZA),33 - MOBILIZA,11,8,1,4,0.01,0.15
190001950953,JULIO GUERREIRO - 33023 (MOBILIZA),33 - MOBILIZA,922,169,1,117,0.01,2.31
190001950954,MONAYARA MARCIÃO - 33397 (MOBILIZA),33 - MOBILIZA,66,52,1,5,0.01,0.08
190001950955,NADIA AMANCIO - 33133 (MOBILIZA),33 - MOBILIZA,600,262,1,26,0.01,0.73
190001950956,PROFESSOR BRUNO NASCIMENTO - 33777 (MOBILIZA),33 - MOBILIZA,1192,472,1,34,0.01,1.42
190001950957,ALEX LELECO - 33223 (MOBILIZA),33 - MOBILIZA,340,135,1,34,0.01,0.67
190001950958,ALEXANDRE BATATA - 33773 (MOBILIZA),33 - MOBILIZA,1274,294,1,110,0.01,3.81
190001950959,CAMILA - 33249 (MOBILIZA),33 - MOBILIZA,42,24,1,4,0.01,0.09
190001950960,MARIA CARMEM - 33221 (MOBILIZA),33 - MOBILIZA,71,34,1,15,0.01,0.45
190001950961,MATHEUS GABRIEL - 33456 (MOBILIZA),33 - MOBILIZA,2496,639,1,166,0.01,1.58
190001950962,CLAUDIA AZEVEDO - 33021 (MOBILIZA),33 - MOBILIZA,120,75,1,9,0.01,0.24
190001950963,MARCO FURTADO - 33055 (MOBILIZA),33 - MOBILIZA,209,144,1,7,0.01,0.17
190001951101,CYRO GARCIA - 16 (PSTU),16 - PSTU,2453,1009,1,13,0.01,0.36
190001951167,CAROL SPONZA - 30 (NOVO),30 - NOVO,20351,1419,1,203,0.03,1.94
190001951488,CÍCERA MARIA - 22638 (PL),22 - PL,132,85,1,10,0.01,0.36
190001951489,CAPITÃO SÉRGIO ALEXANDRE - 22832 (PL),22 - PL,609,373,1,19,0.01,0.52
190001973562,TARCÍSIO MOTTA - 50 (PSOL),50 - PSOL,129344,1432,1,666,0.25,7.97
190001985993,TOROCA PESCADOR - 77700 (SOLIDARIEDADE),77 - SOLIDARIEDADE,264,77,1,54,0.01,3.06
190001985994,PROFESSORA ANA LIMA - 77775 (SOLIDARIEDADE),77 - SOLIDARIEDADE,402,187,1,20,0.01,0.32
190001985995,PROFESSOR CHARBEL - 77001 (SOLIDARIEDADE),77 - SOLIDARIEDADE,8323,1245,1,186,0.01,4.15
190001985996,BRUNO PAI DA MARIA - 77318 (SOLIDARIEDADE),77 - SOLIDARIEDADE,25,20,1,2,0.01,0.1
190001985997,DANIEL MARTINS - 77200 (SOLIDARIEDADE),77 - SOLIDARIEDADE,7480,1186,1,147,0.01,2.58
190001985998,PEDROSA - 77666 (SOLIDARIEDADE),77 - SOLIDARIEDADE,203,111,1,15,0.01,0.35
190001985999,FABINHO FERNANDES - 77100 (SOLIDARIEDADE),77 - SOLIDARIEDADE,6175,1153,1,84,0.01,1.54
190001986000,SOLDADO TOBIAS - 77103 (SOLIDARIEDADE),77 - SOLIDARIEDADE,2940,930,1,23,0.01,0.53
190001986001,FRANCISCO FILHO CHIQUINHO - 77636 (SOLIDARIEDADE),77 - SOLIDARIEDADE,1355,131,1,311,0.01,3.22
190001986002,TIA GLAUCIA - 77085 (SOLIDARIEDADE),77 - SOLIDARIEDADE,445,242,1,14,0.01,0.3
190001986003,JULIO KBÇA - 77900 (SOLIDARIEDADE),77 - SOLIDARIEDADE,615,184,1,108,0.01,1.82
190001986004,XUXA DE COSTA BARROS - 77234 (SOLIDARIEDADE),77 - SOLIDARIEDADE,292,83,1,44,0.01,0.8
190001986005,LUCIANA TAMBURINI - 77021 (SOLIDARIEDADE),77 - SOLIDARIEDADE,277,182,1,8,0.01,0.29
190001986006,MESAC BOMBEIRO - 77193 (SOLIDARIEDADE),77 - SOLIDARIEDADE,3332,988,1,21,0.01,0.7
190001986007,SERGIO PARAFUSO - 77111 (SOLIDARIEDADE),77 - SOLIDARIEDADE,1186,408,1,73,0.01,3.06
190001986008,SUELI PONTES - 77412 (SOLIDARIEDADE),77 - SOLIDARIEDADE,621,267,1,47,0.01,0.53
190001986009,SANTOS DO SOCIAL - 77790 (SOLIDARIEDADE),77 - SOLIDARIEDADE,1016,174,1,250,0.01,4.18
190001986010,SARGENTO CAROLINA - 77035 (SOLIDARIEDADE),77 - SOLIDARIEDADE,303,189,1,7,0.01,0.27
190001986011,ELYANE SOUZA - 77520 (SOLIDARIEDADE),77 - SOLIDARIEDADE,278,126,1,21,0.01,0.39
190001986012,ALMIR NAPOLEAO DO ÁUREO - 77033 (SOLIDARIEDADE),77 - SOLIDARIEDADE,3460,691,1,201,0.01,4.53
190001986013,ANDRÉ RIOS - 77190 (SOLIDARIEDADE),77 - SOLIDARIEDADE,1507,734,1,11,0.01,0.4
190001986014,BIA AQUINO - 77345 (SOLIDARIEDADE),77 - SOLIDARIEDADE,1574,713,1,36,0.01,0.38
190001986015,BRUNO RODRIGUES - 77448 (SOLIDARIEDADE),77 - SOLIDARIEDADE,182,101,1,26,0.01,0.47
190001986016,CAIO LOPES - 77999 (SOLIDARIEDADE),77 - SOLIDARIEDADE,508,198,1,90,0.01,1.45
190001986017,NATASHA LOBA - 77044 (SOLIDARIEDADE),77 - SOLIDARIEDADE,227,134,1,20,0.01,0.43
190001986018,ELIAS LIBORIO - 77012 (SOLIDARIEDADE),77 - SOLIDARIEDADE,469,211,1,33,0.01,0.52
190001986019,GABRIEL JUNIOR - 77135 (SOLIDARIEDADE),77 - SOLIDARIEDADE,520,289,1,12,0.01,0.24
190001986020,DR GILBERTO - 77123 (SOLIDARIEDADE),77 - SOLIDARIEDADE,13312,1026,1,583,0.01,9.22
190001986021,JAIMINHO LOPES - 77444 (SOLIDARIEDADE),77 - SOLIDARIEDADE,2354,366,1,105,0.01,2.04
190001986022,MIGUEL PQD - 77620 (SOLIDARIEDADE),77 - SOLIDARIEDADE,437,133,1,79,0.01,1.62
190001986023,BISPO JUNIOR - 77137 (SOLIDARIEDADE),77 - SOLIDARIEDADE,838,267,1,31,0.01,0.53
190001986024,PEDRO DO LIVRO - 77133 (SOLIDARIEDADE),77 - SOLIDARIEDADE,8062,1141,1,944,0.01,14.38
190001986025,RICARDO DO MATERIAL - 77023 (SOLIDARIEDADE),77 - SOLIDARIEDADE,1829,342,1,313,0.01,6.16
190001986026,VALDERI RAVI S - 77777 (SOLIDARIEDADE),77 - SOLIDARIEDADE,3317,708,1,419,0.01,7.11
190001986027,ALEXANDRE BATISTA - 77888 (SOLIDARIEDADE),77 - SOLIDARIEDADE,1691,506,1,102,0.01,1.66
190001986028,ANA LUCIA CARVALHO - 77687 (SOLIDARIEDADE),77 - SOLIDARIEDADE,231,123,1,15,0.01,0.48
190001986029,ARTHUR DA COSTA - 77789 (SOLIDARIEDADE),77 - SOLIDARIEDADE,846,316,1,52,0.01,0.83
190001986030,CHICO DEDEL - 77987 (SOLIDARIEDADE),77 - SOLIDARIEDADE,392,151,1,61,0.01,1.14
190001986031,LILIAM SA - 77122 (SOLIDARIEDADE),77 - SOLIDARIEDADE,478,298,1,14,0.01,0.35
190001986032,OLIVIA STENZEL - 77977 (SOLIDARIEDADE),77 - SOLIDARIEDADE,126,88,1,7,0.01,0.2
190001986033,PATRICIA CARDOSO - 77002 (SOLIDARIEDADE),77 - SOLIDARIEDADE,551,294,1,20,0.01,0.36
190001986034,SERGIO NEGUINHO - 77088 (SOLIDARIEDADE),77 - SOLIDARIEDADE,2075,282,1,625,0.01,5.29
190001986035,ALEXANDRE KATITO - 77717 (SOLIDARIEDADE),77 - SOLIDARIEDADE,577,194,1,67,0.01,1.55
190001986036,ANDREA ARAUJO - 77003 (SOLIDARIEDADE),77 - SOLIDARIEDADE,106,80,1,5,0.01,0.4
190001986037,CLAYTON FERREIRA - 77007 (SOLIDARIEDADE),77 - SOLIDARIEDADE,2141,697,1,70,0.01,1.91
190001986038,DIOGO CERQUEIRA - 77808 (SOLIDARIEDADE),77 - SOLIDARIEDADE,80,56,1,5,0.01,0.2
190001986039,KAKA VEM AI - 77000 (SOLIDARIEDADE),77 - SOLIDARIEDADE,1338,266,1,161,0.01,5.03
190001986040,MARCELLA CIGANA - 77770 (SOLIDARIEDADE),77 - SOLIDARIEDADE,1064,330,1,133,0.01,2.28
190001986041,RAFAEL SORRILHA - 77677 (SOLIDARIEDADE),77 - SOLIDARIEDADE,11460,1071,1,285,0.01,5.54
190001986042,BRADOCK - 77222 (SOLIDARIEDADE),77 - SOLIDARIEDADE,1219,596,1,110,0.01,1.44
190001986140,ALEXANDRE RAMAGEM - 22 (PL),22 - PL,948631,1432,19,2451,6.14,30.24
190001986225,CAROL SANTOS - 16555 (PSTU),16 - PSTU,469,334,1,6,0.01,0.2
190001986226,BARBARA SINEDINO - 16160 (PSTU),16 - PSTU,552,361,1,9,0.01,0.21
190001986227,FERNANDO RUBANO - 16222 (PSTU),16 - PSTU,51,46,1,3,0.01,0.08
190001986228,MULHERES SOCIALISTAS ELAINE B - 16123 (PSTU),16 - PSTU,485,311,1,7,0.01,0.26
190001986229,FERNANDO MACHADO - 16016 (PSTU),16 - PSTU,87,54,1,10,0.01,0.29
190001986584,DOGUINHO ZONA OESTE - 35397 (PMB),35 - PMB,446,137,1,79,0.01,0.64
190001986585,ALEXANDRE OLIVEIRA - 35744 (PMB),35 - PMB,1029,194,1,102,0.01,1.77
190001986586,BIANCA COSTA - 35333 (PMB),35 - PMB,312,145,1,13,0.01,0.35
190001986587,ANDRÉ NAZARÉ - 35888 (PMB),35 - PMB,302,192,1,7,0.01,0.18
190001986588,NEIDELLY FARIAS - 35117 (PMB),35 - PMB,115,88,1,7,0.01,0.2
190001986589,NORLI MENEGHINI DO BRASIL - 35100 (PMB),35 - PMB,222,105,1,12,0.01,0.56
190001986590,CÉSAR ALMEIDA - 35007 (PMB),35 - PMB,476,201,1,23,0.01,0.55
190001986591,MARCOS LOPES - 35393 (PMB),35 - PMB,329,201,1,12,0.01,0.17
190001986592,MARCELO BN - 35500 (PMB),35 - PMB,1200,221,1,229,0.01,6.49
190001986593,CHICÃO PÉ NO CHÃO - 35618 (PMB),35 - PMB,541,86,1,222,0.01,4.35
190001986594,INDIO FERNANDES - 35077 (PMB),35 - PMB,804,188,1,171,0.01,3.53
190001986595,MARCOS SOLANO - 35065 (PMB),35 - PMB,148,94,1,13,0.01,0.37
190001986596,FLAVIO COSTA - 35016 (PMB),35 - PMB,35,30,1,2,0.01,0.06
190001986597,GEÓGRAFA SANDRA BORGES - 35147 (PMB),35 - PMB,63,53,1,4,0.01,0.08
190001986598,NELSINHO GARI - 35012 (PMB),35 - PMB,779,133,1,191,0.01,2.04
190001986599,JORLAN DA COMLURB - 35001 (PMB),35 - PMB,301,190,1,11,0.01,0.18
190001986600,BILICO PAIM O VIZINHO - 35136 (PMB),35 - PMB,700,237,1,58,0.01,2.22
190001986601,DEYSE NASCIMENTO - 35233 (PMB),35 - PMB,39,32,1,3,0.01,0.1
190001986602,IONE FAVELA - 35331 (PMB),35 - PMB,6,4,1,3,0.01,0.07
190001986603,SHEILA  BARBOSA - 35024 (PMB),35 - PMB,299,206,1,17,0.01,0.39
190001986604,BOLÃO - 35678 (PMB),35 - PMB,286,82,1,56,0.01,0.71
190001986605,ANDRÉA MORENO - 35173 (PMB),35 - PMB,157,123,1,6,0.01,0.1
190001986606,BELLA SISI - 35101 (PMB),35 - PMB,212,77,1,17,0.01,0.48
190001986607,ISRAEL ATLETA - 35775 (PMB),35 - PMB,134,48,1,16,0.01,0.39
190001986608,PASTORA VANIA AGUIAR - 35127 (PMB),35 - PMB,109,54,1,19,0.01,0.28
190001986609,CÉLIO GARI - 35000 (PMB),35 - PMB,32,32,1,1,0.01,0.06
190001986610,VAGNER RUSSO - 35762 (PMB),35 - PMB,473,155,1,88,0.01,2.44
190001986611,MARCO AURÉLIO - 35111 (PMB),35 - PMB,185,95,1,62,0.01,1.52
190001986612,PROFESSOR FABIANO - 35102 (PMB),35 - PMB,222,153,1,15,0.01,0.46
190001986613,ALEX GODINHO - 35088 (PMB),35 - PMB,167,85,1,28,0.01,0.63
190001986614,ZÉ DA VÓ - 35551 (PMB),35 - PMB,205,62,1,25,0.01,0.74
190001986615,DR CURY - 35700 (PMB),35 - PMB,2205,539,1,51,0.01,1.16
190001986616,ROBSON MONTEIRO - 35334 (PMB),35 - PMB,337,99,1,56,0.01,1.48
190001986617,PROFESSOR ROBSON - 35035 (PMB),35 - PMB,920,288,1,71,0.01,2.72
190001986618,ANDRÉ PETINHA - 35777 (PMB),35 - PMB,2996,364,1,342,0.01,6.97
190001986619,DJ GUSTAVO - 35800 (PMB),35 - PMB,253,147,1,15,0.01,0.24
190001986620,SIDNEI HILÁRIO - 35322 (PMB),35 - PMB,121,85,1,12,0.01,0.15
190001986621,DR MAGNELSON - 35222 (PMB),35 - PMB,501,179,1,64,0.01,1.08
190001986622,SUÊD HAIDAR - 35123 (PMB),35 - PMB,2576,817,1,52,0.01,0.71
190001986623,VIVIANE FRANÇOZA - 35010 (PMB),35 - PMB,103,55,1,24,0.01,0.56
190001986624,DÉBORA ALVES - 35225 (PMB),35 - PMB,97,64,1,7,0.01,0.17
190001986625,TIA CELIA - 35075 (PMB),35 - PMB,861,205,1,44,0.01,1.47
190001986626,INSPETOR VALNEY - 35556 (PMB),35 - PMB,1256,576,1,49,0.01,0.52
190001986627,VADINHO - 35146 (PMB),35 - PMB,370,170,1,41,0.01,0.81
190001986628,JORGE MUNIZ - 35231 (PMB),35 - PMB,41,34,1,3,0.01,0.07
190001986629,DRA SARITA PAIVA - 35300 (PMB),35 - PMB,430,176,1,14,0.01,0.26
190001986630,GUILHERME OLIVEIRA - 35227 (PMB),35 - PMB,671,243,1,36,0.01,0.5
190001986631,IENE DODÓ - 35265 (PMB),35 - PMB,145,54,1,31,0.01,0.6
190001986632,BETO CALDEIRÃO - 35727 (PMB),35 - PMB,462,141,1,96,0.01,1.89
190001999531,ERCILIA SILVEIRA - 25264 (PRD),25 - PRD,53,24,1,11,0.01,0.12
190001999532,FABINHO MARAVILHA - 25838 (PRD),25 - PRD,1106,216,1,365,0.01,5.15
190001999533,JUNIOR DA MARAJÓ - 25100 (PRD),25 - PRD,598,226,1,59,0.01,1.3
190001999534,LEANDRO RODRIGUES - 25237 (PRD),25 - PRD,353,142,1,72,0.01,1.52
190001999535,LUCIA HELENA - 25999 (PRD),25 - PRD,45,38,1,4,0.01,0.08
190001999536,ALEXANDRE OLIVEIRA ROBIN HOOD - 25111 (PRD),25 - PRD,70,65,1,3,0.01,0.08
190001999537,TOPETE - 25567 (PRD),25 - PRD,323,47,1,76,0.01,1.91
190001999538,RAFAEL THOMPSON - 25123 (PRD),25 - PRD,10903,1296,1,181,0.01,3.32
190001999539,LUCIANO NEGÃO - 25222 (PRD),25 - PRD,1222,278,1,110,0.01,6.21
190001999540,MOISÉS MAGO DO APP - 25456 (PRD),25 - PRD,5859,1227,1,27,0.01,0.58
190001999541,PEDRO PASSIONE - 25000 (PRD),25 - PRD,5080,553,1,396,0.01,5.7
190001999542,REGINALDO COELHO - 25026 (PRD),25 - PRD,1469,190,1,214,0.01,3.56
190001999543,SAIMOM - 25789 (PRD),25 - PRD,112,72,1,12,0.01,0.35
190001999544,SONIA DO BRECHÓ - 25078 (PRD),25 - PRD,452,189,1,48,0.01,0.68
190001999545,SUELEN BACANA - 25773 (PRD),25 - PRD,9374,647,1,1024,0.01,20.82
190001999546,EDNA PIRES - 25223 (PRD),25 - PRD,78,46,1,11,0.01,0.33
190001999547,ALEX SABINO - 25044 (PRD),25 - PRD,187,145,1,8,0.01,0.15
190001999548,FABRICIO BRITO - 25021 (PRD),25 - PRD,445,272,1,11,0.01,0.22
190001999549,MATHEUS PÃO QUENTE - 25555 (PRD),25 - PRD,3942,406,1,598,0.01,10.72
190001999550,RAMON ABRAHÃO - 25666 (PRD),25 - PRD,450,152,1,39,0.01,0.85
190001999551,WILLIAM BARBEIRO - 25794 (PRD),25 - PRD,616,130,1,73,0.01,1.52
190001999552,LELECO MARÇAL - 25233 (PRD),25 - PRD,169,129,1,8,0.01,0.18
190001999553,ANDRÉ SILVA - 25095 (PRD),25 - PRD,2607,804,1,53,0.01,1.64
190001999554,GUSTAVO MAGNATA - 25882 (PRD),25 - PRD,955,123,1,319,0.01,3.84
190001999555,JANEYDE DO CALÇADÃO - 25444 (PRD),25 - PRD,2270,374,1,134,0.01,1.97
190001999556,MARCELO AZEVEDO - 25828 (PRD),25 - PRD,1227,249,1,242,0.01,3.91
190001999557,MICHELE KARÊ - 25010 (PRD),25 - PRD,189,98,1,32,0.01,0.55
190001999558,RENATA CRISTINA - 25177 (PRD),25 - PRD,166,72,1,61,0.01,0.98
190001999559,RAFAEL MURMURA - 25101 (PRD),25 - PRD,735,504,1,7,0.01,0.18
190001999560,RODRIGO METAL - 25677 (PRD),25 - PRD,256,140,1,17,0.01,0.35
190001999561,ROGERIO MACUMBA - 25321 (PRD),25 - PRD,524,148,1,48,0.01,1.4
190001999562,SIMONE OLIVEIRA - 25333 (PRD),25 - PRD,94,64,1,10,0.01,0.17
190001999563,JAIR DA MENDES GOMES - 25888 (PRD),25 - PRD,18509,945,1,1077,0.01,14.22
190001999564,GEORGE RAMOS - 25025 (PRD),25 - PRD,742,394,1,41,0.01,1.24
190001999565,ÍTALO KOSTER - 25255 (PRD),25 - PRD,262,205,1,6,0.01,0.15
190001999566,JÚNIOR AUGUSTO - 25120 (PRD),25 - PRD,3653,340,1,642,0.01,14.43
190001999567,LAZARO ARRUDA - 25006 (PRD),25 - PRD,143,57,1,26,0.01,0.26
190001999568,LUIZA DE MARILAC - 25551 (PRD),25 - PRD,99,59,1,12,0.01,0.19
190001999569,CIDA MELO - 25246 (PRD),25 - PRD,66,36,1,6,0.01,0.19
190001999570,CB BENVINDO  EMILIA DO BEM - 25190 (PRD),25 - PRD,851,349,1,34,0.01,0.89
190001999571,SEREIA ROCHA A MENINADOSALGADO - 25344 (PRD),25 - PRD,262,177,1,9,0.01,0.25
190001999572,RALPH GRACIE - 25001 (PRD),25 - PRD,1422,528,1,38,0.01,0.44
190001999573,SHREK - 25313 (PRD),25 - PRD,521,155,1,86,0.01,1.76
190001999574,RICARDO TEIXEIRA - 25777 (PRD),25 - PRD,732,296,1,20,0.01,0.93
190001999575,PASTORA RITA SANTOS - 25014 (PRD),25 - PRD,77,51,1,6,0.01,0.31
190001999576,SONIA MALAQUIAS - 25750 (PRD),25 - PRD,167,80,1,21,0.01,0.43
190001999577,INSTRUTOR BOSOROY - 25332 (PRD),25 - PRD,18,18,1,1,0.01,0.06
190001999578,WASHINGTON SOUSA - 25225 (PRD),25 - PRD,281,132,1,22,0.01,0.56
190001999579,ERICA BISPO - 25122 (PRD),25 - PRD,143,68,1,39,0.01,0.51
190001999580,ETIENE OLIVEIRA - 25002 (PRD),25 - PRD,101,61,1,10,0.01,0.27
190001999581,TIA NISE - 25077 (PRD),25 - PRD,41,26,1,4,0.01,0.1
190001999582,CATIA NASCIMENTO - 25132 (PRD),25 - PRD,102,71,1,4,0.01,0.2
190002015955,MARCELO QUEIROZ - 11 (PP),11 - PP,74996,1432,2,460,0.22,6.47
190002021516,GILMAR DA SAUDE - 11789 (PP),11 - PP,289,140,1,34,0.01,0.57
190002021517,NIDO DA PADARIA - 11444 (PP),11 - PP,619,147,1,68,0.01,1.18
190002021518,SILVA SOCORRISTA - 11192 (PP),11 - PP,476,228,1,12,0.01,0.28
190002021519,ADRIANA ANTUNES - 11009 (PP),11 - PP,93,80,1,3,0.01,0.23
190002021520,ANA LÚCIA DOS PETS - 11369 (PP),11 - PP,91,66,1,12,0.01,0.28
190002021521,CARLINHOS DA MARÉ - 11221 (PP),11 - PP,2315,335,1,589,0.01,8.28
190002021522,DELON DA JUVENTUDE - 11404 (PP),11 - PP,1802,286,1,326,0.01,4.5
190002021523,CEZAR SANT ANNA - 11123 (PP),11 - PP,592,378,1,9,0.01,0.29
190002021524,KAUE ROCHA - 11127 (PP),11 - PP,223,163,1,5,0.01,0.62
190002021525,MARCELO MONFORT - 11212 (PP),11 - PP,5766,1012,1,113,0.01,2.0
190002021526,FELIPE MICHEL - 11021 (PP),11 - PP,31773,1398,1,570,0.02,16.24
190002021527,EDSON PANTERA - 11355 (PP),11 - PP,186,99,1,29,0.01,0.93
190002021528,SILVINHO DA  CDD - 11150 (PP),11 - PP,622,93,1,118,0.01,1.43
190002021529,BERNARDO EGAS - 11000 (PP),11 - PP,12388,1362,1,151,0.01,2.15
190002021530,CLAUDIO MARAVILHA - 11234 (PP),11 - PP,599,336,1,12,0.01,0.75
190002021531,JORGE FELIPPE - 11800 (PP),11 - PP,25844,1306,1,943,0.01,10.95
190002021532,THALLES EDUARDO - 11120 (PP),11 - PP,432,218,1,36,0.01,0.57
190002021533,KKAIO - 11011 (PP),11 - PP,1002,469,1,77,0.01,2.19
190002021534,DIAS VETERANO - 11140 (PP),11 - PP,523,313,1,18,0.01,0.5
190002021535,ELIAS ALVES - 11762 (PP),11 - PP,767,441,1,13,0.01,0.18
190002021536,ABRAÃO - 11232 (PP),11 - PP,316,178,1,38,0.01,0.81
190002021537,ERNANI ALVES - 11155 (PP),11 - PP,544,158,1,115,0.01,2.08
190002021538,IRAPUÃ JEFERSON - 11002 (PP),11 - PP,2429,388,1,277,0.01,3.48
190002021539,DR J SANTANA - 11772 (PP),11 - PP,657,316,1,35,0.01,0.71
190002021540,VICTOR TIZIANO - 11121 (PP),11 - PP,745,193,1,35,0.01,0.57
190002021541,DR EDIMILSON MIGOWSKI - 11911 (PP),11 - PP,3061,913,1,28,0.01,0.86
190002021542,FABIANO ORELHA - 11881 (PP),11 - PP,324,76,1,70,0.01,1.23
190002021543,LENIEL BOREL - 11100 (PP),11 - PP,34359,1431,1,166,0.05,2.04
190002021544,ZÉ COLMEIA - 11999 (PP),11 - PP,2942,1007,1,36,0.01,1.63
190002021545,LEO DO MOA - 11631 (PP),11 - PP,1935,359,1,187,0.01,2.06
190002021546,DR MARCELLO AUTRAN - 11122 (PP),11 - PP,292,168,1,11,0.01,0.35
190002021547,GM ANDRÉ - 11001 (PP),11 - PP,152,116,1,5,0.01,0.18
190002021548,PAULINHO KARATE - 11117 (PP),11 - PP,281,108,1,43,0.01,0.81
190002021549,CAPITÃO PAULO CHAGAS - 11112 (PP),11 - PP,290,216,1,4,0.01,0.29
190002021550,ARI JORGE FAMÍLIA - 11222 (PP),11 - PP,342,213,1,16,0.01,0.41
190002021551,EZEQUIEL OLIVEIRA - 11022 (PP),11 - PP,1358,289,1,48,0.01,0.87
190002021552,WILLIAN DA MARÉ - 11910 (PP),11 - PP,28,21,1,4,0.01,0.06
190002021553,LAYANA ARAÚJO - 11555 (PP),11 - PP,146,131,1,3,0.01,0.11
190002021554,FATIMA DAMASCENO - 11103 (PP),11 - PP,36,27,1,5,0.01,0.15
190002021555,ENFERMEIRA LUCIENE - 11007 (PP),11 - PP,429,214,1,42,0.01,0.98
190002021556,ADRIANA FRANÇA - 11345 (PP),11 - PP,697,324,1,53,0.01,0.65
190002021557,VERA LINS - 11111 (PP),11 - PP,27871,1327,1,833,0.01,14.85
190002021558,HELA CASTRO - 11333 (PP),11 - PP,206,157,1,5,0.01,0.26
190002021559,ERIKA CARDOSO - 11483 (PP),11 - PP,123,77,1,8,0.01,0.53
190002021560,JOMARA KNOFF - 11170 (PP),11 - PP,627,273,1,33,0.01,1.47
190002021561,VIVIANE DE ASSIS - 11110 (PP),11 - PP,1010,425,1,92,0.01,1.0
190002021562,PAOLLA CAITANO - 11013 (PP),11 - PP,215,132,1,18,0.01,0.23
190002021563,LUCIANA CAVALCANTE - 11177 (PP),11 - PP,127,77,1,20,0.01,0.31
190002021564,BARB DO SOCIAL - 11033 (PP),11 - PP,64,50,1,6,0.01,0.2
190002021565,GLEICE CORRÊA - 11078 (PP),11 - PP,101,60,1,14,0.01,0.47
190002021566,VERONICA DA SAÚDE - 11666 (PP),11 - PP,153,69,1,28,0.01,1.09
190002021567,SANDRA MARA DOS BICHINHOS - 11427 (PP),11 - PP,649,276,1,35,0.01,0.63
190002022671,LUCY RODRIGUES - 30100 (NOVO),30 - NOVO,327,186,1,16,0.01,0.28
190002022672,MARCIO PAES - 30055 (NOVO),30 - NOVO,43,39,1,2,0.01,0.11
190002022673,COMANDANTE LÚCIO - 30016 (NOVO),30 - NOVO,1129,516,1,18,0.01,0.48
190002022674,ROBERTO NASCIMENTO - 30112 (NOVO),30 - NOVO,128,87,1,6,0.01,0.16
190002022675,GABRIEL COSTENARO - 30333 (NOVO),30 - NOVO,12018,1405,1,42,0.02,0.96
190002022676,IVAN DIEGGO - 30500 (NOVO),30 - NOVO,187,111,1,14,0.01,0.34
190002022677,PAOLLA CHAVES - 30610 (NOVO),30 - NOVO,840,274,1,66,0.01,1.24
190002022678,ROBERTA MENDES - 30321 (NOVO),30 - NOVO,1355,522,1,36,0.01,1.6
190002022679,PROFESSORA RITA DIAS - 30212 (NOVO),30 - NOVO,263,166,1,24,0.01,0.4
190002022680,CLAUS ROHR - 30555 (NOVO),30 - NOVO,336,131,1,17,0.01,0.26
190002022681,GENILSON BARROS - 30779 (NOVO),30 - NOVO,282,109,1,30,0.01,1.4
190002022682,LUIS PAPAI NOEL DO LEBLON - 30225 (NOVO),30 - NOVO,170,108,1,15,0.01,0.34
190002022683,RICARDO COELHO - 30230 (NOVO),30 - NOVO,532,173,1,41,0.01,1.02
190002022684,DR RICARDO BITENCOURT - 30007 (NOVO),30 - NOVO,974,331,1,45,0.01,0.54
190002022685,PROFESSOR BAEZ - 30022 (NOVO),30 - NOVO,70,57,1,3,0.01,0.05
190002022686,FÁBIO CERQUEIRA - 30056 (NOVO),30 - NOVO,541,276,1,22,0.01,0.5
190002022687,DÉBORA PONTES - 30031 (NOVO),30 - NOVO,602,348,1,8,0.01,0.3
190002022688,GIOVANNI FISCILETTI - 30010 (NOVO),30 - NOVO,220,157,1,5,0.01,0.22
190002022689,PEDRO DUARTE - 30300 (NOVO),30 - NOVO,15404,1297,1,322,0.01,3.58
190002022690,GEORGE NEDER - 30000 (NOVO),30 - NOVO,5651,772,1,191,0.01,1.84
190002022691,RENATINHO ALVES - 30133 (NOVO),30 - NOVO,512,313,1,15,0.01,0.29
190002022692,MARI CANEDO - 30221 (NOVO),30 - NOVO,238,138,1,11,0.01,0.35
190002022693,MONIQUE NOGUEIRA - 30012 (NOVO),30 - NOVO,541,313,1,10,0.01,0.23
190002022694,PEDRO RAFAEL - 30030 (NOVO),30 - NOVO,1560,556,1,27,0.01,0.46
190002022695,VICTOR MENEZES - 30021 (NOVO),30 - NOVO,95,41,1,14,0.01,0.59
190002022696,VICTOR REIS - 30888 (NOVO),30 - NOVO,409,153,1,41,0.01,0.84
190002022697,CLEMILDA CLÉO MENDONÇA - 30377 (NOVO),30 - NOVO,139,67,1,13,0.01,0.31
190002022698,ANNA FEIO - 30303 (NOVO),30 - NOVO,541,280,1,16,0.01,0.27
190002022699,LIVIA BONATES - 30456 (NOVO),30 - NOVO,1252,460,1,22,0.01,0.38
190002022700,ROMULO PIMENTEL - 30999 (NOVO),30 - NOVO,79,65,1,5,0.01,0.08
190002022701,CLÁUDIA BODART - 30032 (NOVO),30 - NOVO,337,213,1,8,0.01,0.21
190002022702,DUTRA DO RIO - 30046 (NOVO),30 - NOVO,110,79,1,6,0.01,0.13
190002022703,IGOR OLIVEIRA - 30033 (NOVO),30 - NOVO,305,145,1,12,0.01,0.64
190002022704,PRISCILLA XAVIER - 30130 (NOVO),30 - NOVO,161,133,1,5,0.01,0.1
190002022705,ÉRICO SIQUEIRA - 30111 (NOVO),30 - NOVO,140,109,1,4,0.01,0.12
190002022706,BERNARD BATALHA - 30023 (NOVO),30 - NOVO,196,138,1,6,0.01,0.15
190002022707,FLAVIANA CARVALHO - 30478 (NOVO),30 - NOVO,126,99,1,5,0.01,0.09
190002022708,IVAN DURAN - 30001 (NOVO),30 - NOVO,125,97,1,6,0.01,0.1
190002022709,LEANDRO PALADINO - 30002 (NOVO),30 - NOVO,104,87,1,3,0.01,0.19
190002022710,VANIA MONTEIRO - 30789 (NOVO),30 - NOVO,172,77,1,23,0.01,0.38
190002022711,PROCURADOR MARIANO - 30700 (NOVO),30 - NOVO,6155,1112,1,80,0.01,1.06
190002022712,RODRIGO MULTIMIDIA - 30777 (NOVO),30 - NOVO,782,497,1,8,0.01,0.22
190002022713,ALEX FARAH - 30120 (NOVO),30 - NOVO,342,151,1,28,0.01,0.74
190002022714,SANDRA ALBUQUERQUE - 30123 (NOVO),30 - NOVO,836,308,1,26,0.01,0.44
190002022715,HERMAN GUEDES - 30015 (NOVO),30 - NOVO,107,74,1,10,0.01,0.15
190002022716,PROFESSOR JOÃO MALHEIRO - 30003 (NOVO),30 - NOVO,4738,930,1,103,0.01,1.24
190002022717,LEO MEU AMIGO - 30190 (NOVO),30 - NOVO,499,249,1,27,0.01,0.44
190002022718,PROFESSOR MURDOCH - 30345 (NOVO),30 - NOVO,1556,642,1,21,0.01,0.32
190002022719,ENOYRA DAMM - 30014 (NOVO),30 - NOVO,60,42,1,5,0.01,0.15
190002022720,PROFESSORA FLÂMER TÁVORA - 30900 (NOVO),30 - NOVO,318,206,1,6,0.01,0.15
190002022721,MARCOS ZENAIDE - 30800 (NOVO),30 - NOVO,439,218,1,17,0.01,0.23
190002022722,KAU MAGNO - 30222 (NOVO),30 - NOVO,1539,441,1,34,0.01,1.39
190002022910,FELIPE BRASILEIRO - 55570 (PSD),55 - PSD,11772,735,1,1946,0.01,24.97
190002022911,CLEIBE DO RIO - 55678 (PSD),55 - PSD,6190,555,1,529,0.01,9.03
190002022912,PASTOR ELOI VARÃO - 55321 (PSD),55 - PSD,1689,582,1,87,0.01,1.57
190002022913,FELIPE BORÓ - 55155 (PSD),55 - PSD,24190,1074,1,1164,0.01,18.22
190002022914,RAFAEL ALOISIO FREITAS - 55123 (PSD),55 - PSD,40892,1326,1,664,0.01,10.95
190002022915,PROFESSOR ADALMIR - 55333 (PSD),55 - PSD,5056,706,1,406,0.01,6.94
190002022916,JOYCE TRINDADE - 55557 (PSD),55 - PSD,30466,1423,1,1011,0.02,10.42
190002022917,PROFESSOR MARCELLO BARBOSA - 55222 (PSD),55 - PSD,8000,1159,1,356,0.01,6.52
190002022918,CARLO CAIADO - 55622 (PSD),55 - PSD,47671,1403,1,2163,0.01,17.9
190002022919,CESAR MAIA - 55500 (PSD),55 - PSD,29665,1424,1,140,0.02,1.92
190002022920,JORGE PEREIRA - 55633 (PSD),55 - PSD,6066,476,1,328,0.01,19.7
190002022921,PEDRO AUGUSTO - 55800 (PSD),55 - PSD,4779,1159,1,33,0.01,0.91
190002022922,KARLA DE LUCAS DA RÁDIO - 55551 (PSD),55 - PSD,7026,1275,1,94,0.01,3.12
190002022923,CHRIS NERI - 55533 (PSD),55 - PSD,2620,951,1,18,0.01,0.59
190002022924,DR BRUNO CHAGAS - 55700 (PSD),55 - PSD,5921,979,1,392,0.01,5.1
190002022925,DOUTOR AZULAY - 55969 (PSD),55 - PSD,2289,642,1,43,0.01,0.64
190002022926,PASTOR DEANGELES PERCY - 55318 (PSD),55 - PSD,17802,1017,1,158,0.01,2.26
190002022927,FLÁVIO VALLE - 55021 (PSD),55 - PSD,18613,1141,1,351,0.01,5.75
190002022928,JONES MOURA - 55111 (PSD),55 - PSD,6083,1171,1,81,0.01,2.1
190002022929,CAROL GUEDES - 55121 (PSD),55 - PSD,4406,1118,1,41,0.01,0.87
190002022930,EDNA GOMES - 55433 (PSD),55 - PSD,1390,280,1,226,0.01,2.48
190002022931,ÁTILA NUNES - 55055 (PSD),55 - PSD,19191,1399,1,135,0.01,4.04
190002022932,LUCIANO MEDEIROS - 55181 (PSD),55 - PSD,10576,639,1,544,0.01,10.58
190002022933,DIEGO VAZ - 55001 (PSD),55 - PSD,27226,1355,1,386,0.01,8.06
190002022934,ZICO - 55012 (PSD),55 - PSD,23319,973,1,1183,0.01,24.26
190002022935,ELIS ALMEIDA - 55010 (PSD),55 - PSD,1352,633,1,26,0.01,0.38
190002022936,CIDINHO SAMPAIO - 55200 (PSD),55 - PSD,4350,519,1,1155,0.01,20.18
190002022937,RONALDO MOREIRA ACS - 55088 (PSD),55 - PSD,5624,1071,1,59,0.01,1.18
190002022938,ENFERMEIRA TATI - 55881 (PSD),55 - PSD,2701,814,1,56,0.01,2.29
190002022939,MICHELLE HOLANDA - 55122 (PSD),55 - PSD,1393,404,1,104,0.01,0.84
190002022940,JUNIOR DA LUCINHA - 55620 (PSD),55 - PSD,28743,1122,1,677,0.01,8.1
190002022941,MAJOR ADRIANA KUTWAK - 55190 (PSD),55 - PSD,1938,664,1,22,0.01,0.85
190002022942,KITO DA CRECHE - 55488 (PSD),55 - PSD,1582,240,1,140,0.01,2.95
190002022943,CANELA LADO A LADO - 55077 (PSD),55 - PSD,3631,354,1,970,0.01,16.27
190002022944,ANTONIA LEITE BARBOSA - 55521 (PSD),55 - PSD,9147,625,1,373,0.01,4.11
190002022945,DONATO - 55789 (PSD),55 - PSD,15149,1039,1,659,0.01,10.91
190002022946,MARCIO RIBEIRO - 55005 (PSD),55 - PSD,56770,1396,1,1119,0.01,13.47
190002022947,MARCELINHA GORGULHO - 55420 (PSD),55 - PSD,493,242,1,25,0.01,0.43
190002022948,ROCAL - 55555 (PSD),55 - PSD,15604,1257,1,861,0.01,18.56
190002022949,LUIZ RAMOS FILHO - 55019 (PSD),55 - PSD,20237,1385,1,268,0.02,4.74
190002022950,FLAVIO PATO - 55100 (PSD),55 - PSD,16388,1050,1,1229,0.01,16.45
190002022951,DOUTORA GLAUCIA ARAUJO - 55571 (PSD),55 - PSD,1628,445,1,83,0.01,2.16
190002022952,HELENA VIEIRA - 55456 (PSD),55 - PSD,28626,1234,1,1362,0.01,19.35
190002022953,SALVINO OLIVEIRA - 55255 (PSD),55 - PSD,27062,1360,1,1469,0.01,19.26
190002022954,ALEXANDRE BEÇA - 55023 (PSD),55 - PSD,6134,895,1,456,0.01,4.89
190002022955,PROFESSORA MAURÍLIA RODRIGUES - 55022 (PSD),55 - PSD,1183,399,1,80,0.01,1.25
190002022956,ROSA FERNANDES - 55000 (PSD),55 - PSD,39804,1353,1,1044,0.01,17.53
190002022957,WELLINGTON JOSÉ - 55779 (PSD),55 - PSD,7393,885,1,416,0.01,7.1
190002022958,ANA BANTIM - 55554 (PSD),55 - PSD,809,371,1,27,0.01,0.49
190002022959,ALBERTO SZAFRAN - 55444 (PSD),55 - PSD,11644,1072,1,792,0.01,7.3
190002022960,BEBETO TETRA - 55777 (PSD),55 - PSD,8125,1229,1,299,0.01,7.1
190002022961,MARCELO DINIZ - 55888 (PSD),55 - PSD,39967,1092,1,3465,0.01,38.21
190002037291,ZÉ REY - 36222 (AGIR),36 - AGIR,364,204,1,11,0.01,0.18
190002037292,JAIR FERNANDES - 36055 (AGIR),36 - AGIR,628,339,1,33,0.01,0.52
190002037293,CRISTIANO ACCIOLI - 36021 (AGIR),36 - AGIR,408,106,1,39,0.01,1.07
190002037294,ANA COPEIRA - 36101 (AGIR),36 - AGIR,81,33,1,20,0.01,0.5
190002037295,FABINHO DA FEIRA - 36789 (AGIR),36 - AGIR,7318,736,1,2422,0.01,36.6
190002037296,ALMEIDA DO PROGRESSO - 36723 (AGIR),36 - AGIR,4542,559,1,480,0.01,7.51
190002037297,DR. IRANY - 36788 (AGIR),36 - AGIR,221,156,1,6,0.01,0.24
190002037298,JONATAS MAIA - 36358 (AGIR),36 - AGIR,199,92,1,15,0.01,0.3
190002037299,OSÉIAS SANTOS - 36362 (AGIR),36 - AGIR,2944,735,1,118,0.01,3.66
190002037300,SOLANGE MACHADO - 36137 (AGIR),36 - AGIR,197,132,1,7,0.01,0.16
190002037301,DR. SÉRGIO LOPES - 36036 (AGIR),36 - AGIR,4046,611,1,373,0.01,5.49
190002037302,CLEIDE CARNEIRO - 36334 (AGIR),36 - AGIR,286,125,1,38,0.01,0.55
190002037303,PROFESSOR ROGÉRIO MARTINS - 36736 (AGIR),36 - AGIR,1403,642,1,27,0.01,0.71
190002037304,RENATA VALÉRIO - 36180 (AGIR),36 - AGIR,4,4,1,1,0.01,0.07
190002037305,DRA ROSE CABRAL - 36355 (AGIR),36 - AGIR,153,84,1,8,0.01,0.18
190002037306,PROF. GIL ARRUZO - 36255 (AGIR),36 - AGIR,157,111,1,14,0.01,0.22
190002037307,DRA. VERA REBOUÇAS - 36999 (AGIR),36 - AGIR,452,245,1,16,0.01,0.33
190002037308,ETIENE - 36007 (AGIR),36 - AGIR,24,22,1,2,0.01,0.04
190002037309,JEANE SENADIAS - 36651 (AGIR),36 - AGIR,440,151,1,56,0.01,1.94
190002037310,SILVINHO DA RAZAO - 36678 (AGIR),36 - AGIR,4126,488,1,1092,0.01,11.41
190002037311,ANDRE MANINHO - 36200 (AGIR),36 - AGIR,751,395,1,16,0.01,0.87
190002037312,ADRIANO BERNARDO - 36123 (AGIR),36 - AGIR,782,343,1,83,0.01,1.59
190002037313,DR. FERNANDO SOARES - 36106 (AGIR),36 - AGIR,270,203,1,7,0.01,0.17
190002037314,MARCOS PATO - 36386 (AGIR),36 - AGIR,457,143,1,37,0.01,0.79
190002037315,PROFESSORA MÁRCIA MARTINS - 36301 (AGIR),36 - AGIR,468,288,1,22,0.01,0.58
190002037317,MARCELO TCHELO - 36136 (AGIR),36 - AGIR,855,197,1,82,0.01,2.18
190002037318,DR. FABIO DE OLIVEIRA - 36402 (AGIR),36 - AGIR,538,131,1,106,0.01,1.14
190002037319,CRISTIANE FRANCO - 36331 (AGIR),36 - AGIR,65,42,1,4,0.01,0.2
190002037320,MÁRCIO VIEIRA - 36444 (AGIR),36 - AGIR,1769,303,1,97,0.01,3.48
190002037321,CLAUDIA LOYAL - 36122 (AGIR),36 - AGIR,337,152,1,19,0.01,0.38
190002037322,FERREIRA - 36100 (AGIR),36 - AGIR,232,137,1,20,0.01,0.23
190002037323,DEL - 36555 (AGIR),36 - AGIR,844,288,1,80,0.01,1.15
190002037324,RODRIGO JJ - 36001 (AGIR),36 - AGIR,688,231,1,102,0.01,2.25
190002037325,MARILEA DA SAÚDE - 36666 (AGIR),36 - AGIR,467,236,1,18,0.01,0.39
190002037326,ADRIANA SETUBAL - 36065 (AGIR),36 - AGIR,81,59,1,4,0.01,0.12
190002037327,JOSIMILSON SANTOS - 36456 (AGIR),36 - AGIR,1074,414,1,31,0.01,0.6
190002037328,ARTHUR CID JUNIOR - 36888 (AGIR),36 - AGIR,3762,470,1,351,0.01,8.34
190002037329,ANDRÉ BALBINA - 36033 (AGIR),36 - AGIR,2179,704,1,52,0.01,1.49
190002037330,ACHILLES MARTINS - 36333 (AGIR),36 - AGIR,439,287,1,9,0.01,0.48
190002037331,ALVARINHO RC - 36023 (AGIR),36 - AGIR,628,188,1,79,0.01,0.73
190002037332,SERGIO BESSA - 36777 (AGIR),36 - AGIR,311,151,1,19,0.01,0.48
190002037333,MARCELO ARAR - 36000 (AGIR),36 - AGIR,8222,1206,1,185,0.01,1.91
190002037335,VANDA MARQUES - 36780 (AGIR),36 - AGIR,14,11,1,4,0.01,0.06
190002037336,JESUS - 36111 (AGIR),36 - AGIR,106,68,1,8,0.01,0.38
190002037337,VLADIMIR PAIVA - 36500 (AGIR),36 - AGIR,565,257,1,54,0.01,0.82
190002037338,NEY DA S.O.S - 36052 (AGIR),36 - AGIR,12,12,1,1,0.01,0.04
190002133402,UBIRATAN O BIRA - 70357 (AVANTE),70 - AVANTE,173,104,1,9,0.01,0.15
190002133403,ANDERSON DO ANTRAN - 70234 (AVANTE),70 - AVANTE,61,38,1,9,0.01,0.22
190002133404,FABINHO DO RH - 70999 (AVANTE),70 - AVANTE,302,193,1,29,0.01,0.45
190002133405,JOAO PAULO CAVALCANTE - 70600 (AVANTE),70 - AVANTE,296,78,1,58,0.01,1.84
190002133406,RICARDO MARATONA - 70654 (AVANTE),70 - AVANTE,110,46,1,21,0.01,0.45
190002133408,SARGENTO RENATA - 70190 (AVANTE),70 - AVANTE,225,166,1,7,0.01,0.17
190002133409,VIVIEANE CARIELLO - 70777 (AVANTE),70 - AVANTE,424,210,1,30,0.01,0.56
190002133410,RAFAEL BENEGÃO - 70567 (AVANTE),70 - AVANTE,85,54,1,16,0.01,0.17
190002133411,RICARDO LADEIRA - 70258 (AVANTE),70 - AVANTE,158,92,1,9,0.01,0.27
190002133412,BISPO PEDRO - 70237 (AVANTE),70 - AVANTE,513,93,1,92,0.01,0.95
190002133413,PADRINHO E VOCÊ - 70767 (AVANTE),70 - AVANTE,16,16,1,1,0.01,0.06
190002133414,TUNICO O AMIGO DO POVO - 70051 (AVANTE),70 - AVANTE,1021,234,1,162,0.01,3.73
190002133415,MONIKA KRUZ - 70170 (AVANTE),70 - AVANTE,49,29,1,10,0.01,0.26
190002133416,SR VERALDO - 70100 (AVANTE),70 - AVANTE,436,212,1,35,0.01,0.74
190002133417,FOCA A VOZ  DOS RENAIS - 70954 (AVANTE),70 - AVANTE,175,112,1,8,0.01,0.23
190002133418,TIA LU DO TRANSPORTE - 70246 (AVANTE),70 - AVANTE,362,128,1,30,0.01,0.8
190002133419,JULINHO MDF - 70178 (AVANTE),70 - AVANTE,212,68,1,36,0.01,1.59
190002133420,HENRIQUE RATINHO - 70177 (AVANTE),70 - AVANTE,583,156,1,57,0.01,0.94
190002133421,FOGUEIRA - 70318 (AVANTE),70 - AVANTE,209,62,1,54,0.01,0.79
190002133422,WASHINGTON JORGE DO FLAMENGO - 70001 (AVANTE),70 - AVANTE,130,98,1,7,0.01,0.1
190002133423,FLAVIO BERNARDES - 70974 (AVANTE),70 - AVANTE,108,76,1,10,0.01,0.17
190002133424,VALQUIRIA ELETRICISTA - 70952 (AVANTE),70 - AVANTE,308,110,1,74,0.01,1.49
190002133425,KIANNY DAFÉ - 70222 (AVANTE),70 - AVANTE,492,229,1,25,0.01,0.43
190002133426,PROFESSORA MELISSA MACINTYRE - 70008 (AVANTE),70 - AVANTE,117,72,1,10,0.01,0.22
190002133427,SIMONE CLARA - 70233 (AVANTE),70 - AVANTE,481,261,1,22,0.01,0.42
190002133428,RODOLFO BARROS - 70022 (AVANTE),70 - AVANTE,266,137,1,35,0.01,0.78
190002133429,MARCELINHO - 70098 (AVANTE),70 - AVANTE,2,2,1,1,0.02,0.03
190002133430,ANDRE MENDES - 70150 (AVANTE),70 - AVANTE,335,249,1,6,0.01,0.21
190002133431,FLAVIO GANEM - 70000 (AVANTE),70 - AVANTE,17526,1420,1,57,0.03,1.05
190002133432,JORGE EDSON - 70444 (AVANTE),70 - AVANTE,155,81,1,13,0.01,0.45
190002133433,MARQUINHO DA GRANITO - 70077 (AVANTE),70 - AVANTE,208,89,1,31,0.01,0.76
190002133436,GISELE LANCATES - 70700 (AVANTE),70 - AVANTE,446,183,1,35,0.01,0.76
190002133437,NALDINHO PIPAS - 70333 (AVANTE),70 - AVANTE,1025,328,1,75,0.01,1.48
190002133438,PAULO CECILIANO - 70123 (AVANTE),70 - AVANTE,403,234,1,52,0.01,0.39
190002133439,DANIELLE SANTOS - 70057 (AVANTE),70 - AVANTE,152,88,1,17,0.01,0.43
190002133440,GONÇALO LEONCIO - 70756 (AVANTE),70 - AVANTE,119,55,1,22,0.01,0.58
190002133441,ANDRE LUIZ TAVARES DOS SANTOS - 70911 (AVANTE),70 - AVANTE,171,119,1,6,0.01,0.14
190002133442,JEREMIAS - 70711 (AVANTE),70 - AVANTE,240,85,1,51,0.01,0.72
190002133443,STIVES DA VAN - 70230 (AVANTE),70 - AVANTE,367,248,1,8,0.01,0.48
190002133444,ROBSON FARIA - 70031 (AVANTE),70 - AVANTE,204,84,1,33,0.01,0.69
190002133445,ROGER AMORIM - 70833 (AVANTE),70 - AVANTE,548,234,1,33,0.01,0.66
190002133446,PASTOR HILDON  BARBOSA - 70665 (AVANTE),70 - AVANTE,878,159,1,148,0.01,3.67
190002133447,LUCIO DUARTE - 70321 (AVANTE),70 - AVANTE,663,153,1,81,0.01,1.43
190002133448,CAÇULINHA O AMIGO DO RIO - 70555 (AVANTE),70 - AVANTE,149,93,1,7,0.01,0.13
190002133449,BRUNA RUBIM - 70737 (AVANTE),70 - AVANTE,65,33,1,11,0.01,0.36
190002133450,FLAVIA BRAZ - 70007 (AVANTE),70 - AVANTE,574,113,1,66,0.01,1.15
190002133451,RENATO STAVALE - 70404 (AVANTE),70 - AVANTE,101,71,1,4,0.01,0.13
190002133452,ALCA MOURA - 70888 (AVANTE),70 - AVANTE,409,242,1,21,0.01,0.31
190002133453,ANDINHO DJ - 70615 (AVANTE),70 - AVANTE,820,156,1,343,0.01,3.96
190002134262,CAMILA PEÇANHA - 13137 (PT),13 - PT,304,177,1,16,0.01,0.35
190002134263,TIAGO SANTANA - 13021 (PT),13 - PT,8763,1237,1,180,0.01,2.98
190002134264,LUCIANA NERY - 13969 (PT),13 - PT,117,77,1,11,0.01,0.17
190002134265,LUCIANA NOVAES - 13535 (PT),13 - PT,11994,1371,1,52,0.01,1.19
190002134266,DANI NUNES - 13031 (PT),13 - PT,697,389,1,48,0.01,0.56
190002134267,RAFAELA ALBERGARIA - 65000 (PC do B),65 - PC do B,4546,1120,1,47,0.01,0.53
190002134268,GILBERTO PALMARES - 13455 (PT),13 - PT,6664,1176,1,118,0.01,3.31
190002134269,MILTÃO SANTOS - 13738 (PT),13 - PT,213,87,1,48,0.01,1.19
190002134270,CLATIA VIEIRA - 13456 (PT),13 - PT,1254,477,1,124,0.01,2.3
190002134271,DR LOBÃO - 13444 (PT),13 - PT,296,205,1,7,0.01,0.25
190002134272,FELIPE PIRES - 13620 (PT),13 - PT,15136,1339,1,536,0.01,6.66
190002134273,MAÍRA DO MST - 13713 (PT),13 - PT,14667,1289,1,173,0.01,2.0
190002134274,EDUARDO COELHO - 13133 (PT),13 - PT,241,193,1,5,0.01,0.13
190002134275,LICO - 13065 (PT),13 - PT,111,37,1,49,0.01,0.75
190002134276,DJ BRANDON LEE - 13091 (PT),13 - PT,53,30,1,10,0.01,0.23
190002134277,LEONEL DE ESQUERDA - 13012 (PT),13 - PT,13325,1392,1,156,0.01,3.31
190002134278,JUNIOR MANGUEIRA - 13131 (PT),13 - PT,7677,879,1,1091,0.01,14.29
190002134279,ENFERMEIRA LÍBIA - 13100 (PT),13 - PT,2053,904,1,34,0.01,3.06
190002134280,EDSON SANTOS - 13222 (PT),13 - PT,5639,1243,1,54,0.01,1.16
190002134281,DR RUBINHO DA DIVINEIA - 13422 (PT),13 - PT,107,58,1,12,0.01,0.29
190002134282,ALEX LIMA - 13500 (PT),13 - PT,409,169,1,45,0.01,0.5
190002134283,JP FARELLI - 13013 (PT),13 - PT,943,415,1,241,0.01,1.82
190002134284,COLETIVA MARACAJÁ ROSAPOTIGUAR - 13313 (PT),13 - PT,462,190,1,20,0.01,0.32
190002134285,PAULO GANGA - 13111 (PT),13 - PT,180,142,1,5,0.01,0.11
190002134286,RODRIGO MONDEGO - 13000 (PT),13 - PT,4992,1159,1,55,0.01,0.77
190002134287,SANDRÃO DA CUT - 13123 (PT),13 - PT,3844,1072,1,31,0.01,0.76
190002134288,ALVARO AMÉRICO - 13315 (PT),13 - PT,73,50,1,5,0.01,0.14
190002134289,TAINÁ DE PAULA - 13777 (PT),13 - PT,49986,1425,1,312,0.02,5.19
190002134290,EDILENE DAS MATAS FECHADAS - 13999 (PT),13 - PT,99,70,1,5,0.01,0.19
190002134291,FABIANO CARNEVALE - 43001 (PV),43 - PV,1105,446,1,16,0.01,0.57
190002134292,ADRIANA VALENTE - 13613 (PT),13 - PT,1115,444,1,108,0.01,1.54
190002134293,ADELSON GUEDES - 13011 (PT),13 - PT,1568,282,1,223,0.01,2.62
190002134294,NIQUINHO - 13860 (PT),13 - PT,8842,809,1,1320,0.01,15.86
190002134295,PROFESSOR RAPHAEL - 13397 (PT),13 - PT,204,162,1,6,0.01,0.11
190002134296,MÃE DAYSE - 13029 (PT),13 - PT,140,74,1,28,0.01,1.07
190002134297,AMELIA LEAL - 13952 (PT),13 - PT,137,107,1,3,0.01,0.4
190002134298,PROFESSORA FÁTIMA LIMA - 13113 (PT),13 - PT,4940,1079,1,38,0.01,0.95
190002134299,MÔNICA FRANCISCO - 13888 (PT),13 - PT,6965,1172,1,153,0.01,1.86
190002134300,INDIANARAE SIQUEIRA - 13169 (PT),13 - PT,1765,756,1,37,0.01,0.63
190002134301,ROBSON DUARTE - 13474 (PT),13 - PT,7960,474,1,1451,0.01,15.94
190002134302,ROBERTO MONTEIRO - 65123 (PC do B),65 - PC do B,6574,1262,1,166,0.01,1.9
190002134303,ANA CLÁUDIA - 13007 (PT),13 - PT,247,127,1,87,0.01,1.0
190002134304,BARBARA BARROS - 13513 (PT),13 - PT,1187,548,1,41,0.01,0.69
190002134305,EDUARDO PIPITO - 13318 (PT),13 - PT,205,79,1,23,0.01,0.39
190002134306,DR MARCOS PAULO - 13555 (PT),13 - PT,8000,1297,1,49,0.01,0.86
190002134307,CAMILA MORADIA - 13578 (PT),13 - PT,2724,669,1,125,0.01,2.13
190002134308,EMILIA AMOÊDO - 13597 (PT),13 - PT,177,88,1,18,0.01,0.2
190002134309,RODRIGO D OLIVEIRA - 13333 (PT),13 - PT,770,355,1,45,0.01,0.66
190002134310,MARCIO SANTOS - 43111 (PV),43 - PV,21122,1111,1,888,0.01,12.99
190002134311,PROFESSORA TÂNIA MARA - 43333 (PV),43 - PV,532,333,1,6,0.01,0.28
190002135108,JULIETE PANTOJA - 80 (UP),80 - UP,6828,1333,1,30,0.01,0.69
190002135253,EDUARDO PAES - 55 (PSD),55 - PSD,1861856,1432,73,4670,17.51,41.78
190002135692,RODRIGO AMORIM - 44 (UNIÃO),44 - UNIÃO,34117,1414,1,141,0.02,2.11
190002142403,RENAN DO MLB - 80123 (UP),80 - UP,646,419,1,11,0.01,0.28
190002142404,GIOVANNA ALMEIDA - 80000 (UP),80 - UP,3624,1095,1,21,0.01,0.37
190002142405,JOÃO HERBELLA - 80800 (UP),80 - UP,556,340,1,11,0.01,0.34
190002142406,MONIQUE ZUMA - 80180 (UP),80 - UP,1395,666,1,14,0.01,0.4
190002142524,FABIO CURINI - 50300 (PSOL),50 - PSOL,46,37,1,3,0.01,0.07
190002142525,BABU SANTANA - 50050 (PSOL),50 - PSOL,5305,1182,1,176,0.01,1.84
190002142526,PAI DARIO - 50077 (PSOL),50 - PSOL,4942,1190,1,80,0.01,2.8
190002142527,EMANUEL ALENCAR - 50100 (PSOL),50 - PSOL,8928,1028,1,104,0.01,1.4
190002142528,HELOÍSA HELENA - 18123 (REDE),18 - REDE,11971,1278,1,119,0.01,1.62
190002142529,PATRÍCIA FELIX - 50800 (PSOL),50 - PSOL,2658,811,1,41,0.01,0.73
190002142530,LENNYN CASTELLO BRANCO - 50157 (PSOL),50 - PSOL,21,17,1,4,0.01,0.08
190002142531,CLARICE CHACON - 50000 (PSOL),50 - PSOL,13787,1303,1,154,0.01,1.61
190002142532,GISELE BARROS - 50321 (PSOL),50 - PSOL,280,212,1,5,0.01,0.19
190002142533,PROF FLAVIO - 50789 (PSOL),50 - PSOL,251,184,1,7,0.01,0.17
190002142534,RICK AZEVEDO - 50444 (PSOL),50 - PSOL,29364,1423,1,105,0.02,1.8
190002142535,ANDRÉ TENREIRO - 50250 (PSOL),50 - PSOL,379,258,1,6,0.01,0.38
190002142536,MONICA BENICIO - 50123 (PSOL),50 - PSOL,25382,1408,1,169,0.01,2.1
190002142537,WILLIAM SIRI - 50222 (PSOL),50 - PSOL,19872,1351,1,240,0.01,5.06
190002142538,LUIZ PILOTO - 50457 (PSOL),50 - PSOL,208,130,1,35,0.01,1.22
190002142539,ALAN RODRIGUES - 50455 (PSOL),50 - PSOL,214,156,1,20,0.01,0.41
190002142540,ALEXANDREZONANORTE - 50888 (PSOL),50 - PSOL,503,304,1,16,0.01,0.33
190002142541,EUZEBIO O MELHOR DA AUAU - 50124 (PSOL),50 - PSOL,123,95,1,7,0.01,0.1
190002142542,LUCIANA BOITEUX - 50180 (PSOL),50 - PSOL,16797,1321,1,160,0.01,1.77
190002142543,MONICA CUNHA - 50007 (PSOL),50 - PSOL,8335,1237,1,77,0.01,1.0
190002142544,MARIA DOS CAMELÔS - 50014 (PSOL),50 - PSOL,1612,624,1,27,0.01,0.83
190002142545,THAIS FERREIRA - 50010 (PSOL),50 - PSOL,17206,1377,1,113,0.02,1.39
190002142546,ELZA RIBEIRO - 50757 (PSOL),50 - PSOL,378,245,1,6,0.01,0.17
190002142547,FÉLIX LEITE - 50555 (PSOL),50 - PSOL,266,227,1,9,0.01,0.19
190002142548,DR ARILDO JUNIOR - 50200 (PSOL),50 - PSOL,149,119,1,13,0.01,0.25
190002142549,GUSTAVO BUENO - 50001 (PSOL),50 - PSOL,463,282,1,10,0.01,0.32
190002142550,SOUZA - 50020 (PSOL),50 - PSOL,149,85,1,18,0.01,0.65
190002142551,WAGUINHO - 18024 (REDE),18 - REDE,231,81,1,66,0.01,0.8
190002142552,ANDRÉ BARROS - 50420 (PSOL),50 - PSOL,5887,1233,1,46,0.01,1.44
190002142553,BRUNO MOSS - 50002 (PSOL),50 - PSOL,181,125,1,9,0.01,0.3
190002142554,PAULO PINHEIRO - 50111 (PSOL),50 - PSOL,14889,1291,1,125,0.01,2.28
190002142555,VANDERLEA AGUIAR - 50500 (PSOL),50 - PSOL,1756,701,1,43,0.01,0.69
190002142556,PEDRO DA COLETIVA CARIOCA - 50021 (PSOL),50 - PSOL,2502,840,1,27,0.01,0.5
190002142557,PROF ENFERMEIRO BRUNO BARBOSA - 50013 (PSOL),50 - PSOL,299,233,1,10,0.01,0.2
190002142558,DOUGLAS HELIODORO - 18003 (REDE),18 - REDE,446,186,1,43,0.01,0.49
190002144973,BIL KELE BK - 35555 (PMB),35 - PMB,190,141,1,5,0.01,0.34
190002159122,VINICIUS CORDEIRO - 23444 (CIDADANIA),23 - CIDADANIA,4471,1146,1,74,0.01,1.69
190002159123,MARCELO BRAÇO - 23064 (CIDADANIA),23 - CIDADANIA,492,145,1,92,0.01,1.45
190002159124,FABINHO CHAVES - 23345 (CIDADANIA),23 - CIDADANIA,83,47,1,9,0.01,0.27
190002159125,GLAUCIO PUPE - 23000 (CIDADANIA),23 - CIDADANIA,149,96,1,19,0.01,0.71
190002159126,CRISTINA DO COLETIVO CIDADÃO - 23667 (CIDADANIA),23 - CIDADANIA,211,111,1,25,0.01,0.5
190002159127,MARLI ALVES - 23611 (CIDADANIA),23 - CIDADANIA,106,39,1,17,0.01,0.38
190002159128,DINHO VALLADARES - 23123 (CIDADANIA),23 - CIDADANIA,167,133,1,3,0.01,0.12
190002159129,JAQUE VASCONCELLOS - 23333 (CIDADANIA),23 - CIDADANIA,380,242,1,7,0.01,0.26
190002159130,RAYLA VIEIRA DA SILVA - 23519 (CIDADANIA),23 - CIDADANIA,223,153,1,8,0.01,0.36
190002159131,SERGINHO TAMO JUNTO - 23777 (CIDADANIA),23 - CIDADANIA,224,102,1,19,0.01,0.39
190002159132,RENATINHO DA KOMBI - 23216 (CIDADANIA),23 - CIDADANIA,982,199,1,115,0.01,2.3
190002159133,CAPITÃO PRUJANSKY SHALOM - 23190 (CIDADANIA),23 - CIDADANIA,753,446,1,14,0.01,0.38
190002159134,ARONY COLETIVO JPA - 23456 (CIDADANIA),23 - CIDADANIA,544,192,1,32,0.01,1.17
190002159135,SERGINHO HONDJAKOFF CABEÇÃO - 23022 (CIDADANIA),23 - CIDADANIA,456,353,1,5,0.01,0.22
190002159136,DENISE VIEIRA - 23637 (CIDADANIA),23 - CIDADANIA,78,58,1,5,0.01,0.11
190002159137,BRUCE BARBOSA DO COLETIVO RPG - 23020 (CIDADANIA),23 - CIDADANIA,10,9,1,2,0.01,0.05
190002159138,ROSALIA BALBINA - 23636 (CIDADANIA),23 - CIDADANIA,263,81,1,54,0.01,0.67
190002159139,ALDINHO RIBEIRO - 23100 (CIDADANIA),23 - CIDADANIA,269,92,1,41,0.01,0.55
190002159140,FELIPI SOARES - 23109 (CIDADANIA),23 - CIDADANIA,171,110,1,6,0.01,0.18
190002159141,WILLIAM MACEDO - 23681 (CIDADANIA),23 - CIDADANIA,95,50,1,21,0.01,0.22
190002159142,ORESTES BARBOSA - 45007 (PSDB),45 - PSDB,222,137,1,11,0.01,0.22
190002159143,CLAUDIA FERREIRA - 45555 (PSDB),45 - PSDB,171,140,1,9,0.01,0.12
190002159144,GILMAR AMIGO DOS ANIMAIS - 45444 (PSDB),45 - PSDB,501,116,1,147,0.01,2.16
190002159145,PASTORA NEIDE FELISBERTO - 45123 (PSDB),45 - PSDB,159,116,1,8,0.01,0.16
190002159146,ULISSES SALGADO - 45657 (PSDB),45 - PSDB,93,79,1,3,0.01,0.11
190002159147,OTAVIO BERGHER - 45245 (PSDB),45 - PSDB,4416,607,1,343,0.01,4.0
190002159148,ANDRE LUIZ - 45016 (PSDB),45 - PSDB,170,96,1,9,0.01,0.28
190002159149,RICARDO SÁ - 45888 (PSDB),45 - PSDB,1910,562,1,188,0.01,3.83
190002159150,RITH GALDINO DAS OSTOMIA - 45156 (PSDB),45 - PSDB,266,133,1,26,0.01,0.65
190002159151,TIA CRIS  - 45777 (PSDB),45 - PSDB,148,74,1,39,0.01,0.54
190002159152,CARLOS VICENTE - 45999 (PSDB),45 - PSDB,617,217,1,57,0.01,1.97
190002159153,MARCELAO CARIOCA GAMES - 45000 (PSDB),45 - PSDB,767,411,1,49,0.01,1.54
190002159154,GUILHERME LEONEL - 45678 (PSDB),45 - PSDB,1416,710,1,27,0.01,0.81
190002159155,HORTENCIA PICCIANI - 45159 (PSDB),45 - PSDB,235,147,1,12,0.01,0.27
190002159156,ÀGUEDA MOURA - 45980 (PSDB),45 - PSDB,114,85,1,4,0.01,0.11
190002159157,PAULO CABELO - 45666 (PSDB),45 - PSDB,613,281,1,51,0.01,0.79
190002159158,ROSANGELA DO IPASE - 45015 (PSDB),45 - PSDB,86,35,1,16,0.01,0.28
190002159159,SANDRA ALEIXO - 45333 (PSDB),45 - PSDB,125,80,1,18,0.01,0.54
190002159160,WILLIAM VILAR - 45045 (PSDB),45 - PSDB,828,452,1,22,0.01,0.41
190002159161,MC CACAU - 45234 (PSDB),45 - PSDB,229,175,1,8,0.01,0.23
190002159162,ROSALVO - 45321 (PSDB),45 - PSDB,15,14,1,2,0.01,0.04
190002159163,SERGIO CORRÊA - 45826 (PSDB),45 - PSDB,344,91,1,107,0.01,1.75
190002159164,TALITA GALHARDO - 45001 (PSDB),45 - PSDB,20352,1326,1,439,0.01,5.06
190002159165,BISPA ROSILENE OLIMPIO - 45277 (PSDB),45 - PSDB,198,101,1,21,0.01,0.42
190002159166,JORGE PINEL DA BICICLETA - 45022 (PSDB),45 - PSDB,179,102,1,24,0.01,0.36
190002159167,DANI DAMASIO - 45138 (PSDB),45 - PSDB,135,84,1,9,0.01,0.26
190002159168,RAPHAEL PERDIGAO - 45789 (PSDB),45 - PSDB,342,209,1,14,0.01,0.49
190002159169,FABIANO BRAMÉ - 45345 (PSDB),45 - PSDB,34,28,1,3,0.01,0.13
190002159170,ALEX COIA - 45100 (PSDB),45 - PSDB,505,198,1,48,0.01,0.89
190002159171,EDSON DE CASTRO - 45222 (PSDB),45 - PSDB,184,118,1,15,0.01,0.47
190002159172,ALEX RAMOS - 45200 (PSDB),45 - PSDB,241,171,1,9,0.01,0.86
190002169838,LUIZA COSTA - 12283 (PDT),12 - PDT,272,88,1,35,0.01,0.59
190002169839,MARCIA NUNES - 12400 (PDT),12 - PDT,2906,957,1,23,0.01,0.48
190002169840,PROFESSOR ALEXANDRE - 12130 (PDT),12 - PDT,1123,381,1,37,0.01,0.76
190002169841,DIRETORA ANA PAULA - 12018 (PDT),12 - PDT,1472,400,1,105,0.01,3.32
190002169842,JOAO CALANDRINI - 12331 (PDT),12 - PDT,72,54,1,4,0.01,0.09
190002169843,JUJU SOCIAL - 12101 (PDT),12 - PDT,2026,432,1,220,0.01,5.66
190002169844,LOLA DA PAZ - 12176 (PDT),12 - PDT,326,127,1,36,0.01,0.96
190002169845,POLLYANNA PERITA SCUDERIE - 12456 (PDT),12 - PDT,63,60,1,2,0.01,0.1
190002169846,VIVI ZAMPIERI - 12058 (PDT),12 - PDT,607,382,1,7,0.01,0.17
190002169847,WILSON DO HOSPITAL - 12778 (PDT),12 - PDT,234,96,1,24,0.01,1.93
190002169848,NILDES SAMPAIO - 12003 (PDT),12 - PDT,409,270,1,11,0.01,0.27
190002169849,OKINGA - 12321 (PDT),12 - PDT,896,483,1,17,0.01,0.36
190002169850,EDUARDO ACOSTA - 12212 (PDT),12 - PDT,137,104,1,6,0.01,0.16
190002169851,GEOVANI SANTOS - 12300 (PDT),12 - PDT,809,432,1,44,0.01,0.82
190002169852,PROFESSOR PEDRO CAVALCANTE - 12000 (PDT),12 - PDT,658,379,1,18,0.01,0.46
190002169853,ROGERIO DO LAVA JATO - 12120 (PDT),12 - PDT,286,139,1,49,0.01,0.66
190002169854,IVAN FERNANDES - 12222 (PDT),12 - PDT,399,276,1,10,0.01,0.27
190002169855,LEO MOTTA - 12012 (PDT),12 - PDT,493,291,1,64,0.01,1.79
190002169856,MARCELO MANHAES - 12800 (PDT),12 - PDT,3917,1012,1,190,0.01,5.01
190002169857,DR SERGIO MOTA - 12612 (PDT),12 - PDT,330,133,1,46,0.01,0.76
190002169858,VALDIR VIRGENS - 12111 (PDT),12 - PDT,364,165,1,23,0.01,0.72
190002169859,WILTON CLEBER - 12204 (PDT),12 - PDT,131,84,1,8,0.01,0.32
190002169860,RICARDO DAMIAO - 12742 (PDT),12 - PDT,757,236,1,246,0.01,4.61
190002169861,TARZAN DE VILA ISABEL - 12333 (PDT),12 - PDT,409,207,1,17,0.01,0.41
190002169862,ALEX COSTA - 12133 (PDT),12 - PDT,498,145,1,73,0.01,1.81
190002169863,CARLOS FERREIRA - 12555 (PDT),12 - PDT,341,190,1,68,0.01,0.51
190002169864,PROFESSOR MARCELO BARATA - 12047 (PDT),12 - PDT,327,133,1,46,0.01,0.7
190002169865,TALBINHA - 12030 (PDT),12 - PDT,317,62,1,85,0.01,1.52
190002169866,BEBETO AMIGO DO BAIRRO - 12010 (PDT),12 - PDT,231,81,1,32,0.01,0.41
190002169867,DR CARLOS EDUARDO - 12044 (PDT),12 - PDT,13718,1248,1,302,0.01,4.37
190002169868,BETO LOBAO - 12550 (PDT),12 - PDT,284,120,1,62,0.01,1.12
190002169869,PROFESSOR BETO MOREIRA - 12121 (PDT),12 - PDT,657,438,1,10,0.01,0.31
190002169870,LUZIENE QUEIROZ - 12336 (PDT),12 - PDT,123,67,1,39,0.01,1.0
190002169871,DEISE MENEZES - 12888 (PDT),12 - PDT,633,236,1,81,0.01,1.43
190002169872,EMMANUEL VIEGAS - 12013 (PDT),12 - PDT,153,118,1,6,0.01,0.29
190002169873,LUCIANE COSTA - 12022 (PDT),12 - PDT,2826,378,1,846,0.01,10.58
190002169874,WALACE MEIRELLES - 12007 (PDT),12 - PDT,305,155,1,12,0.01,0.24
190002169875,WELINGTON DIAS - 12777 (PDT),12 - PDT,20147,1009,1,751,0.01,19.52
190002169876,VANIA RIBEIRO - 12005 (PDT),12 - PDT,168,91,1,9,0.01,0.36
190002169877,LUCAS VASQUES - 12021 (PDT),12 - PDT,1010,458,1,48,0.01,1.26
190002169878,MARIANA DE SOUZA - 12347 (PDT),12 - PDT,1785,271,1,276,0.01,3.33
190002169879,VINICIUS SANCHEZ - 12006 (PDT),12 - PDT,298,217,1,22,0.01,0.81
190002169880,ADILSON TAIPAN - 12910 (PDT),12 - PDT,756,386,1,33,0.01,0.5
190002169881,CELSO JUCÁ - 12238 (PDT),12 - PDT,89,68,1,7,0.01,0.24
190002169882,LIS SALGUEIRO - 12999 (PDT),12 - PDT,107,78,1,7,0.01,0.13
190002169883,TIA SONIA - 12240 (PDT),12 - PDT,55,32,1,8,0.01,0.15
190002169884,BARBARA EWERS - 12369 (PDT),12 - PDT,263,184,1,13,0.01,0.19
190002169885,PEDRO PORTO - 12345 (PDT),12 - PDT,4220,1163,1,35,0.01,0.77
190002169886,SOL VEGA - 12100 (PDT),12 - PDT,111,95,1,3,0.01,0.11
190002169887,TONINHO BONDADE - 12123 (PDT),12 - PDT,2039,377,1,308,0.01,3.39
190002169888,PROFESSORA SONIA GASPAR - 12444 (PDT),12 - PDT,985,432,1,21,0.01,0.36
190002169889,BARTOLOMEU FRANÇA - 12334 (PDT),12 - PDT,143,109,1,3,0.01,0.21
190002171227,GURGEL - 44444 (UNIÃO),44 - UNIÃO,3211,1032,1,34,0.01,0.54
190002171228,PROFESSOR DOUGLAS MARIANO - 44999 (UNIÃO),44 - UNIÃO,78,61,1,5,0.01,0.16
190002171229,SANCLER MELLO - 44744 (UNIÃO),44 - UNIÃO,2639,781,1,60,0.01,1.0
190002171230,WALDIR BRAZÃO - 44101 (UNIÃO),44 - UNIÃO,4501,956,1,290,0.01,4.65
190002171231,JORGE CANELLA - 44123 (UNIÃO),44 - UNIÃO,19353,1339,1,389,0.01,5.6
190002171232,PROF. RICARDO MALUF - 44433 (UNIÃO),44 - UNIÃO,171,117,1,11,0.01,0.14
190002171233,ELIEL DO CARMO - 44300 (UNIÃO),44 - UNIÃO,9802,1230,1,46,0.01,1.4
190002171234,UZIEL LIMA - 44077 (UNIÃO),44 - UNIÃO,199,135,1,8,0.01,0.26
190002171235,MARCIO KARRÉ - 44908 (UNIÃO),44 - UNIÃO,345,136,1,69,0.01,2.32
190002171236,CACÁ - 44111 (UNIÃO),44 - UNIÃO,936,323,1,56,0.01,1.17
190002171237,JORGE BABU - 44044 (UNIÃO),44 - UNIÃO,10639,695,1,519,0.01,6.83
190002171238,ELAINE FERNANDES - 44144 (UNIÃO),44 - UNIÃO,107,61,1,22,0.01,0.5
190002171239,CARECA DO FRETE - 44563 (UNIÃO),44 - UNIÃO,593,129,1,138,0.01,2.15
190002171240,CIDINHO DA LOTUS - 44624 (UNIÃO),44 - UNIÃO,128,44,1,44,0.01,0.61
190002171241,ONASSIS - 44900 (UNIÃO),44 - UNIÃO,636,196,1,69,0.01,1.71
190002171242,MARCELO DO TAXI - 44007 (UNIÃO),44 - UNIÃO,6749,1227,1,70,0.01,1.55
190002171243,JORGE MURILO - 44232 (UNIÃO),44 - UNIÃO,308,120,1,32,0.01,0.61
190002171244,ALISSON DA SILVA - 44110 (UNIÃO),44 - UNIÃO,264,135,1,21,0.01,0.67
190002171245,LILIA BAPTISTA - 44777 (UNIÃO),44 - UNIÃO,317,140,1,21,0.01,1.06
190002171246,TIAGO FRANÇA - 44208 (UNIÃO),44 - UNIÃO,188,127,1,13,0.01,0.41
190002171247,GILMAR REIS - 44153 (UNIÃO),44 - UNIÃO,972,490,1,37,0.01,0.81
190002171248,MARLEIDE FORTE ABRAÇO  - 44072 (UNIÃO),44 - UNIÃO,189,75,1,15,0.01,0.45
190002171249,DUDA MELO - 44700 (UNIÃO),44 - UNIÃO,315,144,1,10,0.01,0.16
190002171250,ULISSES MARINS - 44523 (UNIÃO),44 - UNIÃO,17858,797,1,1315,0.01,19.67
190002171251,ROGÉRIO MARQUES - 44442 (UNIÃO),44 - UNIÃO,162,114,1,5,0.01,0.13
190002171252,PINGO DO GÁS - 44130 (UNIÃO),44 - UNIÃO,610,113,1,170,0.01,5.18
190002171253,MESTRE MÁRCIA - 44100 (UNIÃO),44 - UNIÃO,430,103,1,247,0.01,2.95
190002171254,DRA ÂNGELA TENÓRIO - 44888 (UNIÃO),44 - UNIÃO,773,417,1,14,0.01,0.57
190002171255,VICTOR AGUIAR - 44022 (UNIÃO),44 - UNIÃO,11,10,1,2,0.01,0.06
190002171256,JORGINHO VISÃO - 44103 (UNIÃO),44 - UNIÃO,982,405,1,198,0.01,1.67
190002171257,MARCELO MAYWALD - 44500 (UNIÃO),44 - UNIÃO,9905,846,1,461,0.01,4.73
190002171258,CARLA KIELING - 44555 (UNIÃO),44 - UNIÃO,295,221,1,5,0.01,0.14
190002171259,PASTORA GEORGIA - 44240 (UNIÃO),44 - UNIÃO,179,60,1,45,0.01,0.93
190002171260,MÔNICA D  SÁ - 44009 (UNIÃO),44 - UNIÃO,123,92,1,5,0.01,0.13
190002171261,GEORGETE ROCHA - 44333 (UNIÃO),44 - UNIÃO,91,77,1,3,0.01,0.2
190002171262,LEANDRO ASSUMPÇÃO - 44789 (UNIÃO),44 - UNIÃO,735,178,1,218,0.01,4.83
190002171263,LORIENE VIT´ÓRIA  - 44122 (UNIÃO),44 - UNIÃO,49,46,1,2,0.01,0.06
190002171264,PROFESSORA GRAVATÁ - 44321 (UNIÃO),44 - UNIÃO,543,346,1,6,0.01,0.18
190002171265,SIDNEIA - 44408 (UNIÃO),44 - UNIÃO,8,5,1,3,0.01,0.05
190002171266,PANTERA - 44222 (UNIÃO),44 - UNIÃO,1140,564,1,19,0.01,0.38
190002171267,SERAFIM - 44000 (UNIÃO),44 - UNIÃO,4099,902,1,107,0.01,1.1
190002171268,MOACYR JUNIOR - 44400 (UNIÃO),44 - UNIÃO,142,98,1,11,0.01,0.14
190002171269,PSICÓLOGA ALESSANDRA AUGUSTO - 44556 (UNIÃO),44 - UNIÃO,182,139,1,6,0.01,0.18
190002208844,AGLES STEIB - 10100 (REPUBLICANOS),10 - REPUBLICANOS,438,303,1,19,0.01,0.55
190002208845,GLAUCIO  MARUJO - 10173 (REPUBLICANOS),10 - REPUBLICANOS,227,106,1,18,0.01,0.54
190002208846,ADEILDO VILELA - 10125 (REPUBLICANOS),10 - REPUBLICANOS,760,270,1,43,0.01,1.34
190002208847,ALEX BRAZ - 10011 (REPUBLICANOS),10 - REPUBLICANOS,7557,809,1,829,0.01,9.82
190002208849,PABLO MELLO - 10000 (REPUBLICANOS),10 - REPUBLICANOS,3319,825,1,271,0.01,4.67
190002208850,ROBSON TAVARES  - 10335 (REPUBLICANOS),10 - REPUBLICANOS,1456,196,1,256,0.01,6.33
190002208851,MAJOR ELITUSALÉM - 10190 (REPUBLICANOS),10 - REPUBLICANOS,1053,481,1,27,0.01,0.72
190002208852,RODRIGO XUXA - 10156 (REPUBLICANOS),10 - REPUBLICANOS,3012,393,1,345,0.01,4.23
190002208853,MARCUS NAVAL - 10010 (REPUBLICANOS),10 - REPUBLICANOS,2545,594,1,290,0.01,5.1
190002208854,BRUNO MARINHO NETO - 10199 (REPUBLICANOS),10 - REPUBLICANOS,129,75,1,11,0.01,0.23
190002208855,EDUARDO BADU - 10007 (REPUBLICANOS),10 - REPUBLICANOS,2735,775,1,119,0.01,2.13
190002208856,PROFESSOR MARCELO MACEDO - 10077 (REPUBLICANOS),10 - REPUBLICANOS,1696,602,1,29,0.01,0.87
190002208857,CARLOS BATISTA - 10476 (REPUBLICANOS),10 - REPUBLICANOS,181,112,1,14,0.01,0.19
190002208858,KAIO BRAZÃO FILHO - 10101 (REPUBLICANOS),10 - REPUBLICANOS,10074,1212,1,202,0.01,4.37
190002208859,GEORGE ITAL - 10500 (REPUBLICANOS),10 - REPUBLICANOS,6164,398,1,976,0.01,19.3
190002208860,DOUTOR IRAGILDO MACHADO - 10110 (REPUBLICANOS),10 - REPUBLICANOS,372,254,1,8,0.01,0.25
190002208861,EMERSON GALDINO - 10394 (REPUBLICANOS),10 - REPUBLICANOS,7943,430,1,1372,0.01,21.79
190002208862,FERNANDO COLOSSO - 10800 (REPUBLICANOS),10 - REPUBLICANOS,433,213,1,61,0.01,2.19
190002208863,MARCELO ARAÚJO - 10578 (REPUBLICANOS),10 - REPUBLICANOS,269,135,1,41,0.01,0.89
190002208864,RAFAEL DA EMPADA - 10050 (REPUBLICANOS),10 - REPUBLICANOS,708,106,1,157,0.01,1.76
190002208865,INALDO SILVA - 10567 (REPUBLICANOS),10 - REPUBLICANOS,19116,1211,1,285,0.01,16.44
190002208866,GAROTINHO - 10123 (REPUBLICANOS),10 - REPUBLICANOS,8753,1257,1,227,0.01,4.13
190002208867,DRA DENISE CORDEIRO - 10001 (REPUBLICANOS),10 - REPUBLICANOS,79,67,1,3,0.01,0.12
190002208868,LÍGIA ALVES - 10210 (REPUBLICANOS),10 - REPUBLICANOS,110,62,1,13,0.01,0.31
190002208869,SUELY CIGOLINI - 10033 (REPUBLICANOS),10 - REPUBLICANOS,46,30,1,4,0.01,0.18
190002208870,DRA. ALEXANDRA MENEZES - 10888 (REPUBLICANOS),10 - REPUBLICANOS,1334,395,1,110,0.01,1.35
190002208871,TÂNIA BASTOS - 10999 (REPUBLICANOS),10 - REPUBLICANOS,20424,1224,1,359,0.01,5.52
190002208872,MILTON BAHIA - 10223 (REPUBLICANOS),10 - REPUBLICANOS,553,187,1,31,0.01,0.61
190002208873,VÂNIA AMARO - 10020 (REPUBLICANOS),10 - REPUBLICANOS,88,43,1,18,0.01,0.3
190002208874,MARCOS GATINHO - 10004 (REPUBLICANOS),10 - REPUBLICANOS,297,171,1,28,0.01,0.57
190002208875,MISSIONÁRIA CARLA MAX - 10467 (REPUBLICANOS),10 - REPUBLICANOS,422,82,1,60,0.01,0.8
190002208876,SOLANGE DO CHARME - 10112 (REPUBLICANOS),10 - REPUBLICANOS,122,98,1,5,0.01,0.1
190002208877,MARCELO GREGORY - 10551 (REPUBLICANOS),10 - REPUBLICANOS,1734,388,1,60,0.01,2.3
190002208878,BENCARDINO - 10333 (REPUBLICANOS),10 - REPUBLICANOS,7663,881,1,254,0.01,3.76
190002208879,DOUTOR GILDARTE O RODOVIÁRIO - 10019 (REPUBLICANOS),10 - REPUBLICANOS,86,57,1,5,0.01,0.66
190002208880,DAVID MARIANO - 10456 (REPUBLICANOS),10 - REPUBLICANOS,11584,935,1,253,0.01,4.66
190002208881,TAÍSE PELOS ANIMAIS - 10233 (REPUBLICANOS),10 - REPUBLICANOS,167,119,1,7,0.01,0.14
190002208882,SARGENTO SACRAMENTO - 10911 (REPUBLICANOS),10 - REPUBLICANOS,2,2,1,1,0.01,0.03
190002208883,LUCIANO GARCIA - 10345 (REPUBLICANOS),10 - REPUBLICANOS,2485,317,1,611,0.01,7.76
190002208884,GIGI CASTILHO - 10444 (REPUBLICANOS),10 - REPUBLICANOS,13492,950,1,387,0.01,7.68
190002208885,ELZIANE RIBEIRO - 10779 (REPUBLICANOS),10 - REPUBLICANOS,383,119,1,39,0.01,1.03
190002208886,REBECA PESTANA - 10797 (REPUBLICANOS),10 - REPUBLICANOS,273,133,1,13,0.01,0.4
190002208887,PROFESSORA JANAINA RIBEIRO - 10401 (REPUBLICANOS),10 - REPUBLICANOS,56,28,1,11,0.01,0.16
190002208888,VIVIANE PETISCO - 10477 (REPUBLICANOS),10 - REPUBLICANOS,359,133,1,38,0.01,0.63
190002208889,DRA. RENATA - 10222 (REPUBLICANOS),10 - REPUBLICANOS,6452,1014,1,226,0.01,4.38
190002208890,MARIO GOMES - 10700 (REPUBLICANOS),10 - REPUBLICANOS,4492,1213,1,26,0.01,1.08
190002208891,THIAGO RABONI - 10400 (REPUBLICANOS),10 - REPUBLICANOS,1324,313,1,66,0.01,2.5
190002208892,PASTOR SÉRGIO ALVES - 10300 (REPUBLICANOS),10 - REPUBLICANOS,3162,507,1,403,0.01,3.29
190002208893,GALÔ FERNANDES - 10777 (REPUBLICANOS),10 - REPUBLICANOS,11329,910,1,412,0.01,11.32
190002208894,CUNHA - 10024 (REPUBLICANOS),10 - REPUBLICANOS,58,45,1,3,0.01,0.09
190002208895,GISELE NASCIMENTO - 10478 (REPUBLICANOS),10 - REPUBLICANOS,3265,835,1,38,0.01,0.61
190002211154,ANGELICA MARCELINO - 15055 (MDB),15 - MDB,194,120,1,22,0.01,0.35
190002211155,ANDRE LUIZ FILHO - 15123 (MDB),15 - MDB,11979,1088,1,278,0.01,4.72
190002211156,CARLA M MORAES - 15025 (MDB),15 - MDB,599,165,1,207,0.01,2.75
190002211157,ZE JUNIOR - 15326 (MDB),15 - MDB,565,248,1,73,0.01,1.44
190002211158,CELSO COSTA - 15200 (MDB),15 - MDB,12707,836,1,1468,0.01,24.37
190002211159,LECYMAR LARUBIA - 15100 (MDB),15 - MDB,253,181,1,10,0.01,0.17
190002211160,HELEN BARRETO - 15740 (MDB),15 - MDB,60,42,1,6,0.01,0.13
190002211161,JHOMA - 15033 (MDB),15 - MDB,103,83,1,3,0.01,0.09
190002211162,LUCIANA OROZIMBO - 15794 (MDB),15 - MDB,178,90,1,19,0.01,0.26
190002211163,CELIA MENEZES - 15003 (MDB),15 - MDB,62,38,1,7,0.01,0.13
190002211164,JAKY HABBYLLA - 15010 (MDB),15 - MDB,429,212,1,21,0.01,0.46
190002211165,GERSON MOREIRA - 15088 (MDB),15 - MDB,155,126,1,5,0.01,0.14
190002211166,CARLOS TATAL - 15400 (MDB),15 - MDB,700,200,1,69,0.01,1.66
190002211167,LYAH FELIX - 15888 (MDB),15 - MDB,133,102,1,5,0.01,0.09
190002211168,VITOR HUGO - 15016 (MDB),15 - MDB,20660,1304,1,342,0.01,11.85
190002211169,ELISEU KESSLER - 15777 (MDB),15 - MDB,6175,1131,1,68,0.01,1.15
190002211170,DENIS MOURA - 15155 (MDB),15 - MDB,2457,1010,1,20,0.01,0.37
190002211171,FABIANA ESPÍNDOLA - 15151 (MDB),15 - MDB,79,71,1,2,0.01,0.13
190002211172,GELBY JUSTO - 15159 (MDB),15 - MDB,11083,1102,1,482,0.01,6.58
190002211173,EDSON CHARLY - 15280 (MDB),15 - MDB,128,81,1,8,0.01,0.13
190002211174,LINCOLM RODRIGÃO - 15222 (MDB),15 - MDB,675,279,1,97,0.01,1.35
190002211175,RENATO MOURA - 15500 (MDB),15 - MDB,16278,1131,1,786,0.01,11.26
190002211176,GRAÇA FIGURAÇA - 15502 (MDB),15 - MDB,130,46,1,20,0.01,0.81
190002211177,SANDRO SALDANHA - 15070 (MDB),15 - MDB,313,158,1,15,0.01,0.24
190002211178,ROSANE FÉLIX - 15022 (MDB),15 - MDB,11312,1314,1,94,0.01,2.23
190002211179,YAGO BRYAN - 15153 (MDB),15 - MDB,361,217,1,10,0.01,0.51
190002211180,SELMA BARRETO - 15542 (MDB),15 - MDB,3,3,1,1,0.01,0.03
190002211181,PROF ALEXANDRE LOPES - 15220 (MDB),15 - MDB,318,135,1,91,0.01,1.13
190002211182,ODALIRIO DA COSTA - 15111 (MDB),15 - MDB,692,273,1,47,0.01,0.76
190002211183,RODRIGO VIZEU - 15000 (MDB),15 - MDB,14351,1065,1,1173,0.01,19.77
190002211184,SARA ARIANE - 15770 (MDB),15 - MDB,42,20,1,13,0.01,0.32
190002211185,ROSANGELA LIMA - 15233 (MDB),15 - MDB,239,166,1,8,0.01,0.26
190002211186,SANDRO ALVES - 15121 (MDB),15 - MDB,2266,889,1,38,0.01,0.41
190002211187,ROBSON BARRETO - 15700 (MDB),15 - MDB,1773,595,1,116,0.01,3.92
190002211188,ROBERTO ESTACIO - 15234 (MDB),15 - MDB,2150,335,1,468,0.01,4.25
190002211189,SERGINHO - 15007 (MDB),15 - MDB,171,115,1,10,0.01,0.26
190002211190,VALÉRIA VILELA - 15969 (MDB),15 - MDB,6,6,1,1,0.01,0.03
190002211191,MARCELO RIBEIRO - 15131 (MDB),15 - MDB,298,117,1,108,0.01,2.77
190002211192,SÁ FREIRE - 15333 (MDB),15 - MDB,1015,476,1,15,0.01,0.45
190002211193,RUAN LIRA - 15622 (MDB),15 - MDB,1671,647,1,58,0.01,1.34
190002211194,RENATO DE PAULA - 15015 (MDB),15 - MDB,5559,1198,1,45,0.01,0.84
190002211195,MARCIO HUGO - 15444 (MDB),15 - MDB,2127,486,1,374,0.01,16.21
190002211196,THIAGO HERMIDA - 15122 (MDB),15 - MDB,38,36,1,2,0.01,0.04
190002211197,PR JOSIAS CRUZ - 15789 (MDB),15 - MDB,6013,1154,1,37,0.01,0.68
190002211198,WAGNER BORORÓ - 15150 (MDB),15 - MDB,4688,586,1,260,0.01,5.65
190002211199,RONALDO CUNHA - 15556 (MDB),15 - MDB,1208,358,1,72,0.01,3.01
190002211200,CHIQUINHO SEPETIBA - 15925 (MDB),15 - MDB,1337,235,1,212,0.01,2.8
190002211201,CACAU COTTA - 15001 (MDB),15 - MDB,3638,1073,1,104,0.01,1.13
190002211202,BARÃO - 15778 (MDB),15 - MDB,4219,394,1,1356,0.01,27.46
190002211203,DR JOÃO RICARDO - 15999 (MDB),15 - MDB,9351,1303,1,331,0.01,3.77
190002211204,ELBA BARCELLOS - 15005 (MDB),15 - MDB,69,55,1,4,0.01,0.08
190002211205,DELEGADO MARCUS VINICIUS - 15555 (MDB),15 - MDB,5339,1245,1,35,0.01,1.07
190002260695,LEONARDO DE OLIVEIRA - 27899 (DC),27 - DC,1656,186,1,250,0.01,3.29
190002260696,KELLY VALADÃO - 27037 (DC),27 - DC,1436,463,1,58,0.01,0.64
190002260697,LÚ RUFINO - 27575 (DC),27 - DC,408,238,1,14,0.01,0.46
190002260698,MARADONA DE BANGU - 27110 (DC),27 - DC,374,88,1,101,0.01,1.59
190002260699,PEDRO DO BRASIL - 27580 (DC),27 - DC,402,134,1,39,0.01,0.76
190002260700,PÉ RETO - 27036 (DC),27 - DC,988,125,1,191,0.01,2.8
190002260701,FABRICIO AMORELLI - 27777 (DC),27 - DC,1308,485,1,101,0.01,1.66
190002260702,HENRIQUE GAMA - 27458 (DC),27 - DC,36,27,1,3,0.01,0.15
190002260703,DINNY DA VILA - 27001 (DC),27 - DC,526,181,1,68,0.01,0.77
190002260704,SUB HONÓRIO - 27999 (DC),27 - DC,3889,1143,1,80,0.01,1.0
190002260705,FLAVIO PACCA - 27357 (DC),27 - DC,504,326,1,6,0.01,0.33
190002260706,LIOMAR DE OLIVEIRA - 27111 (DC),27 - DC,107,83,1,3,0.01,0.24
190002260707,EVA CARVALHO - 27307 (DC),27 - DC,54,41,1,4,0.01,0.07
190002260708,BRUNA VERMELHO - 27277 (DC),27 - DC,27,20,1,3,0.01,0.06
190002260709,JAIRO DE PAULA - 27888 (DC),27 - DC,716,283,1,146,0.01,1.54
190002260710,LEONARDO GROSSI - 27677 (DC),27 - DC,705,168,1,44,0.01,1.31
190002260711,MANO KACAU - 27002 (DC),27 - DC,304,100,1,28,0.01,0.39
190002260712,ANA PAULA GOLDBACH - 27500 (DC),27 - DC,199,139,1,6,0.01,0.25
190002260713,DIEGO DINIZ - O XERIFE - 27190 (DC),27 - DC,200,117,1,13,0.01,0.26
190002260714,BRAULIO TUTUCA - 27180 (DC),27 - DC,131,48,1,22,0.01,0.45
190002260715,ANDRÉ MONTEIRO - 27000 (DC),27 - DC,2156,858,1,48,0.01,1.01
190002260716,ADRIANO MACIAS - 27020 (DC),27 - DC,1982,383,1,138,0.01,1.6
190002260717,WILLIAN CORREIA - 27123 (DC),27 - DC,2375,651,1,123,0.01,1.86
190002260718,BIBE MOTOS - 27727 (DC),27 - DC,1054,136,1,264,0.01,4.64
190002260719,DU RODRIGUES - 27200 (DC),27 - DC,543,155,1,55,0.01,1.64
190002260720,LUIS PH - 27744 (DC),27 - DC,184,126,1,9,0.01,0.23
190002260721,CARLA TORRES - 27838 (DC),27 - DC,218,69,1,62,0.01,0.85
190002260723,ISA DI MORAIS - 27008 (DC),27 - DC,59,51,1,3,0.01,0.09
190002260724,PAULO CIRO - 27063 (DC),27 - DC,1603,533,1,145,0.01,2.42
190002260725,ANDREIA LEAL - 27622 (DC),27 - DC,9,8,1,2,0.01,0.08
190002260726,PATRIK BOMBEIRO - 27193 (DC),27 - DC,517,196,1,47,0.01,0.61
190002260727,MARCELLE BELIZÁRIO - 27030 (DC),27 - DC,5,5,1,1,0.02,0.03
190002260728,CLAYTON PAIXÃO - 27027 (DC),27 - DC,1195,245,1,333,0.01,5.7
190002260729,MARCELÃO O ANO TODO - 27444 (DC),27 - DC,1326,155,1,457,0.01,7.17
190002260730,WILLIAN COELHO - 27040 (DC),27 - DC,18777,965,1,1731,0.01,20.84
190002260731,MAX SENNA - 27866 (DC),27 - DC,1330,233,1,187,0.01,3.0
190002260732,RODRIGO RIVIERE - 27227 (DC),27 - DC,647,149,1,320,0.01,3.92
190002260733,CANTORA ROSELENE MARTINS - 27665 (DC),27 - DC,84,50,1,7,0.01,0.16
190002260734,DR. VALMIR FAUSTO - 27100 (DC),27 - DC,148,111,1,3,0.01,0.2
190002260735,RENATINHA DAS VARGENS  - 27747 (DC),27 - DC,191,62,1,34,0.01,1.2
190002260736,REJANE REIS - 27112 (DC),27 - DC,41,32,1,4,0.01,0.07
190002260738,PROF. NILTON PATRÍCIO - 27137 (DC),27 - DC,260,172,1,15,0.01,0.52
190002260739,PAULO LAFAYETTE - 27117 (DC),27 - DC,62,34,1,5,0.01,0.1
190002260740,WILLIANS OLIVEIRA - 27010 (DC),27 - DC,254,158,1,7,0.01,0.18
190002260741,PSICÓLOGA VIVIANE MALHEIROS - 27799 (DC),27 - DC,142,90,1,7,0.01,0.18
190002260742,ROSELI FERREIRA - 27003 (DC),27 - DC,378,177,1,26,0.01,0.74
190002260743,VILMA GUERREIRA DA ZONA OESTE - 27013 (DC),27 - DC,18,16,1,2,0.01,0.08
190002260744,SHIRLEI ENGEL - 27007 (DC),27 - DC,290,108,1,65,0.01,2.19
190002266169,ALEXANDRE RINALDI - 40100 (PSB),40 - PSB,1833,625,1,43,0.01,1.1
190002266170,GABRIELA LIMA - 40752 (PSB),40 - PSB,407,272,1,10,0.01,0.24
190002266171,PROFESSOR VITOR ROSÁRIO - 40456 (PSB),40 - PSB,1782,743,1,23,0.01,0.6
190002266172,VALÉRIO - 40788 (PSB),40 - PSB,163,96,1,10,0.01,0.23
190002266173,ALVIMAR BARBOSA - 40112 (PSB),40 - PSB,117,58,1,26,0.01,0.44
190002266174,LEONARDO TECO - 40727 (PSB),40 - PSB,2179,805,1,31,0.01,0.46
190002266175,TATIANA ROQUE - 40123 (PSB),40 - PSB,16957,1280,1,257,0.01,3.04
190002266176,MIGUEL AGOSTINHO - 40226 (PSB),40 - PSB,48,36,1,4,0.01,0.14
190002266177,LEANDRO LOPES - 40007 (PSB),40 - PSB,190,83,1,12,0.01,0.77
190002266178,CARLOS NUNES - 40789 (PSB),40 - PSB,126,48,1,15,0.01,0.22
190002266179,VAL COMERCIÁRIA - 40041 (PSB),40 - PSB,271,148,1,37,0.01,0.58
190002266180,GRAÇA NASCIMENTO - 40541 (PSB),40 - PSB,8,8,1,1,0.01,0.04
190002266181,MARCELO FRITZ - 40051 (PSB),40 - PSB,1219,644,1,14,0.01,0.27
190002266182,DUDU CAMPINHO - 40020 (PSB),40 - PSB,8,8,1,1,0.01,0.04
190002266183,VANIA DUTRA  - 40404 (PSB),40 - PSB,456,232,1,45,0.01,1.32
190002266184,GIL SENNA - 40025 (PSB),40 - PSB,136,96,1,7,0.01,0.48
190002266185,DE LOYS PELO RIO - 40021 (PSB),40 - PSB,1605,493,1,56,0.01,0.82
190002266186,LUIZ FAMÍLIA - 40022 (PSB),40 - PSB,107,51,1,18,0.01,0.26
190002266187,MIRIAMLOPESNALUTA - 40010 (PSB),40 - PSB,1000,554,1,33,0.01,0.52
190002266188,WAGNER TAVARES - 40321 (PSB),40 - PSB,7174,1118,1,183,0.01,3.63
190002266189,PAULO FERNANDES - 40077 (PSB),40 - PSB,22,17,1,3,0.01,0.15
190002266190,ELAINE FERREIRA - 40440 (PSB),40 - PSB,179,115,1,14,0.01,0.54
190002266191,LUÍS GUSTAVO - 40444 (PSB),40 - PSB,4521,637,1,446,0.01,8.41
190002266192,PAULO AGUIAR - 40042 (PSB),40 - PSB,207,146,1,9,0.01,0.38
190002266193,SIDNEY JESUS - 40476 (PSB),40 - PSB,225,54,1,57,0.01,0.99
190002266194,BETO DA PRAIA - 40153 (PSB),40 - PSB,568,183,1,86,0.01,1.21
190002266195,SAM - 40180 (PSB),40 - PSB,9,8,1,2,0.01,0.04
190002266196,EVANDRO BOCÃO - 40081 (PSB),40 - PSB,1105,437,1,51,0.01,0.98
190002266197,LEOZINHO - 40006 (PSB),40 - PSB,661,291,1,106,0.01,2.01
190002266198,MARCELO PENÍNSULA - 40234 (PSB),40 - PSB,131,86,1,5,0.01,0.18
190002266199,LUÍS MAIA - 40999 (PSB),40 - PSB,309,71,1,40,0.01,0.45
190002266200,PROFESSOR ISRAEL - 40400 (PSB),40 - PSB,326,187,1,22,0.01,0.33
190002266201,FELICIANO FREITAS - 40957 (PSB),40 - PSB,129,48,1,51,0.01,0.64
190002266202,GIAN FRANCO - 40008 (PSB),40 - PSB,59,45,1,5,0.01,0.24
190002266203,MARCELINHO DAS COMUNIDADES - 40555 (PSB),40 - PSB,6677,492,1,1134,0.01,11.94
190002266204,BETA BASTOS - 40212 (PSB),40 - PSB,226,169,1,5,0.01,0.2
190002266205,FELIPE BERIN - 40777 (PSB),40 - PSB,922,464,1,100,0.01,2.15
190002266206,ANTONIO EUDES - 40800 (PSB),40 - PSB,68,53,1,4,0.01,0.22
190002266207,MOMBAÇA - 40040 (PSB),40 - PSB,124,110,1,3,0.01,0.12
190002266208,KELLY CRISTINA - 40500 (PSB),40 - PSB,334,185,1,17,0.01,0.52
190002266209,DIANNA YARA - 40111 (PSB),40 - PSB,519,261,1,44,0.01,0.72
190002266210,JANAÍNA SANT¿ANNA - 40044 (PSB),40 - PSB,510,341,1,7,0.01,0.29
190002266211,NONATO CABELEIREIRO - 40024 (PSB),40 - PSB,102,39,1,11,0.01,0.19
190002266212,PROFESSOR RUBENS DA SAÚDE - 40333 (PSB),40 - PSB,131,73,1,10,0.01,0.3
190002266213,FALA SUZETE GUERREIRA - 40566 (PSB),40 - PSB,85,45,1,10,0.01,0.17
190002266214,RENATO PELLIZZARI - 40004 (PSB),40 - PSB,6783,1196,1,81,0.01,2.38
190002266215,CHIQUINHO DA ILHA - 40421 (PSB),40 - PSB,204,42,1,33,0.01,0.49
190002266216,JOÃO EUDES DA SAÚDE - 40222 (PSB),40 - PSB,134,96,1,15,0.01,0.11
190002266217,DRA. DANI BROSCO - 40300 (PSB),40 - PSB,515,265,1,15,0.01,0.51
190002266218,FRANCIS CHOCOLLAT - 40233 (PSB),40 - PSB,100,67,1,9,0.01,0.25
190002287445,RICARDO PINHEIRO - 21000 (PCB),21 - PCB,137,118,1,3,0.01,0.11
190002287446,DÉBORA BUONOCORE - 21212 (PCB),21 - PCB,269,207,1,6,0.01,0.2
190002287447,GABRIEL MARQUES - 21333 (PCB),21 - PCB,382,267,1,5,0.01,0.17
190002287448,MARTA BARÇANTE - 21321 (PCB),21 - PCB,163,140,1,4,0.01,0.18
190002287449,HIRAN ROEDEL - 21021 (PCB),21 - PCB,173,140,1,4,0.01,0.11
190002287577,WAGNER DE FREITAS - 27127 (DC),27 - DC,143,70,1,18,0.01,0.2
190002287578,PAULINHO DO AVIÁRIO - 27381 (DC),27 - DC,1695,209,1,397,0.01,5.17
190002346678,HENRIQUE SIMONARD - 29 (PCO),29 - PCO,595,436,1,8,0.01,0.2
190002346680,VINICIUS RODRIGUES - 29999 (PCO),29 - PCO,51,45,1,3,0.01,0.1
190002346681,LENISE TEIXEIRA - 29444 (PCO),29 - PCO,50,41,1,3,0.01,0.11
190002346682,CARMEN CHAMUN - 29333 (PCO),29 - PCO,13,13,1,1,0.01,0.03
190002346683,RENATO BASTOS - 29222 (PCO),29 - PCO,19,15,1,4,0.01,0.06
190002346684,LUAN MONTEIRO - 29000 (PCO),29 - PCO,60,51,1,3,0.01,0.1
190002346685,BRUNO MAIA - 29111 (PCO),29 - PCO,31,29,1,3,0.01,0.15
190002353648,DUDA SANTORO - 35520 (PMB),35 - PMB,155,102,1,12,0.01,0.39
190002379056,ELIANE DE FARIA - 20009 (PODE),20 - PODE,29,21,1,4,0.01,0.1
190002382251,PROFESSORA GEMMA  - 23321 (CIDADANIA),23 - CIDADANIA,86,63,1,6,0.01,0.22
190002383759,VICENTE REIS - 33123 (MOBILIZA),33 - MOBILIZA,355,206,1,15,0.01,0.39
190002385055,PAULO MATTOS - 77321 (SOLIDARIEDADE),77 - SOLIDARIEDADE,68,55,1,4,0.01,0.08
190002385056,ROSE TERRA - 77555 (SOLIDARIEDADE),77 - SOLIDARIEDADE,37,29,1,5,0.01,0.12
190002397873,JANE DE ANDRADE - 27333 (DC),27 - DC,120,53,1,12,0.01,0.18
